USE Supermarket_Management;

INSERT INTO Category	(CategoryID	, CategoryName					, `Description`					)
VALUES					(1			, 'Thịt, cá, trứng, hải sản'	, ''							),
						(2			, 'Rau, củ, nấm, trái cây'		, ''							),
                        (3			, 'Dầu ăn, nước chấm, gia vị'	, ''							),
                        (4			, 'Mì, miến, cháo, phở'			, ''							),
                        (5			, 'Kem, thực phẩm đông mát'		, ''							),
                        (6			, 'Gạo, bột, đồ khô'			, ''							),
                        (7			, 'Bia, nước giải khát'			, ''							),
                        (8			, 'Sữa các loại'				, ''							),
                        (9			, 'Bánh kẹo các loại'			, ''							),
                        (10			, 'Chăm sóc cá nhân'			, ''							),
                        (11			, 'Sản phẩm cho mẹ và bé'		, ''							),
                        (12			, 'Vệ sinh nhà cửa'				, ''							),
                        (13			, 'Đồ dùng gia đình'			, ''							);
                        
INSERT INTO Supplier	(SupplierID	, SupplierName									, Phone				, Email								, Website					, Address																											)
VALUES					(1			, 'Công ty Cổ phẩn Lương thực Phương Nam'		, '+84909349988' 	, 'nongsansachphuongnam@gmail.com' 	, 'gaophuongnam.vn' 		, '644/4/3 3 tháng 2, Phường 14, Quận 10, Thành phố Hồ Chí Minh'													),
						(2			, 'Công ty Cổ phần Sữa Việt Nam'				, '+842854155555' 	, 'vinamilk@vinamilk.com' 			, 'www.vinamilk.com.vn' 	, 'Số 10 Tân Trào, Phường Tân Phú, Quận 7, Thành phố Hồ Chí Minh'													),
						(3			, 'Công ty Cổ phần Chăn nuôi C.P. Việt Nam'		, '+842513836251' 	, 'web-info@cp.com.vn' 				, 'www.cp.com.vn' 			, 'Số 2 đường 2A, KCN Biên Hoà II, Phường Long Bình Tân, Thành phố Biên Hòa, Tỉnh Đồng Nai'							),
                        (4			, 'Công ty TNHH Tú Phượng Tony'					, '+89075333354' 	, ''				 				, 'tonyfruit.vn' 			, '19A Mai Chí Thọ, Phường An Khánh, Thành phố Thủ Đức, Thành phố Hồ Chí Minh'										),
                        (5			, 'Công ty Cổ phần Hàng tiêu dùng Masan'		, '+84902662660' 	, 'info@msc.masangroup.com' 		, 'masanconsumer.com' 		, '23 Lê Duẩn, Phường Bến Nghé, Quận 1, Thành phố Hồ Chí Minh'														),
						(6			, 'Công ty Cổ phần Acecook Việt Nam'			, '+84381540643'	, 'info@acecookvietnam.com'			, 'acecookvietnam.vn'		, 'Lô số II-3, Đường số 11, Nhóm CN II, KCN Tân Bình, Phường Tây Thạnh, Quận Tân Phú, Thành phố Hồ Chí Minh'		),
                        (7			, 'Công ty TNHH Thực phẩm Orion'				, '+842835123420'	, ''								, 'orion.vn'				, 'Tầng 22, tòa nhà Pearl Plaza, 561A, Điện Biên Phủ, Phường 25, Quận Bình Thạnh, Thành phố Hồ Chí Minh'			),
                        (8			, 'Công ty TNHH Nestlé Việt Nam'				, '+842839113737'	, 'consumer.services@vn.nestle.com'	, 'www.nestle.com.vn/vi'	, 'Lầu 5, Empress Tower, 138-142 Hai Bà Trưng, Phường Đa Kao, Quận 1, Thành phố Hồ Chí Minh'						),
                        (9			, 'Tập đoàn Trung Nguyên Legend'				, '+842839251845'	, 'cs@trungnguyenlegend.com'		, 'trungnguyenlegend.com'	, '82-84 Bùi Thị Xuân, Phường Bến Thành, Quận 1, Thành phố Hồ Chí Minh'												),
                        (10			, 'Công ty TNHH Nhà Máy Bia HEINEKEN Việt Nam'	, '+84290018452'	, 'contactvn@heineken.com' 			, 'heineken-vietnam.com.vn'	, 'Tầng 18 và 19, tòa nhà Vietcombank, số 5 Công trường Mê Linh, Phường Bến Nghé, Quận 1, Thành phố Hồ Chí Minh'	),
                        (11			, 'Công ty Cổ phần Sữa Quốc tế'					, '+842258021831'	, ''								, 'idp.vn/vi/cong-ty-idp'	, '217 Nguyễn Văn Thủ, Phường Đakao, Quận 1, Thành phố Hồ Chí Minh'													),
                        (12			, 'Công ty Cổ phần Thực phẩm đông lạnh KIDO'	, '+8438270468'		, 'customerservice_kido@kdc.vn'		, 'www.kidofoods.vn'		, '138-142, Hai Bà Trưng, Phường Đakao, Quận 1, Thành phố Hồ Chí Minh'												),
                        (13			, 'Công ty Cổ phần Kỹ nghệ thực phẩm Việt Nam'	, '+8418001097'		, ''								, 'vifon.com.vn'			, '913 Trường Chinh, Phường Tây Thạnh, Quận Tân Phú, Thành phố Hồ Chí Minh'											),
                        (14			, 'Công ty Unilever'							, '+842854135686'	, ''								, 'www.unilever.com.vn'		, '156 Nguyễn Lươn Bằng, Phường Tân Phú, Quận 7, Thành phố Hồ Chí Minh'												),
                        (15			, 'Công ty Cổ phần P/S'							, '+842837281589'	, 'congtyps@gmail.com'				, 'congtyps.com'			, '513C đường Nam Hòa, Phường Phước Long A, Thành phố Thủ Đức, Thành phố Hồ Chí Minh'								),
                        (16			, 'Công ty TNHH P&G'							, '+8435214555'		, ''								, 'vn.pg.com'				, '11/F, MPlaza, 39 Lê Duẩn , Quận 1, Thành phố Hồ Chí Minh'														),
                        (17			, 'Công ty TNHH Meizan CLV'						, '+842838386611'	, 'info-mcc@vn.wilmar-intl.com'		, 'www.meizanclv.com.vn'	, 'Lô C20a-1, Đường số 14, KCN Hiệp Phước, Xã Hiệp Phước, Huyện Nhà Bè, Thành phố Hồ Chí Minh'						),
                        (18			, 'Tổng Công ty Thương mại Sài Gòn'				, '+842838629629'	, 'info@sieuthisaigon.com.vn'		, 'sieuthisaigon.com.vn'	, 'Số 460 Đường 3 tháng 2, Phường 12, Quận 10, Thành phố Hồ Chí Minh'												),
                        (19			, 'Công ty Cổ phần Thực phẩm Á Châu'			, '+842844500588'	, 'info@asiafoods.vn'				, 'www.asiafoods.vn'		, 'Số 9/2, Đường ĐT 743, Khu phố 1B, Phường An Phú, Thành phố Thuận An, Tỉnh Bình Dương'							),
                        (20			, 'Công ty cổ phần Micoem'						, '+842223714146'	, 'afotech@afotech.vn'				, 'afotech.vn'				, 'Số 8, Đường TS15, KCN Tiên Sơn, Xã Hoàn Sơn, Huyện Tiên Du, Tỉnh Bắc Ninh'										);

INSERT INTO Product		(ProductID	, ProductName													, CategoryID	, SupplierID	, CostPrice	, Price		, Unit 		, ExpirationDate	)
VALUES					(1			, 'Thùng 30 gói mì Hảo Hảo tôm chua cay 75g'					, 4				, 6				, 95000		, 118000	, 'Thùng'	, '2024-12-31'		),
						(2			, 'Mì Hảo Hảo vị tôm chua cay gói 75g'							, 4				, 6				, 3800		, 4400		, 'Gói'		, '2024-12-31'		),
                        (3			, 'Thùng 30 gói mì Hảo Hảo hương vị lẩu kim chi Hàn Quốc 75g'	, 4				, 6				, 98000		, 125000	, 'Thùng'	, '2024-12-31'		),
                        (4			, 'Mì Hảo Hảo hương vị lẩu kim chi Hàn Quốc gói 75g'			, 4				, 6				, 3900		, 4400		, 'Gói'		, '2024-12-31'		),
                        (5			, 'Thùng 30 gói mì Gấu Đỏ tôm và gà 63g'						, 4				, 19			, 63000		, 79000		, 'Thùng'	, '2024-02-27'		),
                        (6			, 'Mì Gấu đỏ tôm và gà gói 63g'									, 4				, 19			, 3000		, 3500		, 'Gói'		, '2024-02-27'		),
                        (7			, 'Thùng 30 gói mì Gấu Đỏ bò bít tết 63g'						, 4				, 19			, 63000		, 79000		, 'Thùng'	, '2024-02-27'		),
                        (8			, 'Mì Gấu Đỏ bò bít tết gói 63g'								, 4				, 19			, 3000		, 3500		, 'Gói'		, '2024-02-27'		),
                        (9			, 'Thùng 30 gói hủ tiếu sườn heo Cung Đình 84g'					, 4				, 20			, 25000		, 288000	, 'Thùng'	, '2024-03-07'		),
                        (10			, 'Hủ tiếu sườn heo Cung Đình gói 84g'							, 4 			, 20			, 8200		, 9600		, 'Gói'		, '2024-03-07'		),
                        (11			, 'Trứng gà sạch hộp 10 quả'									, 1				, 3				, 24000		, 28000		, 'Hộp'		, '2024-11-15'		),
						(12			, 'Thịt ba rọi heo (500g)'										, 1				, 3				, 70000		, 75000		, 'Kg'		, '2024-12-10'		),
						(13			, 'Cá thu tươi (1kg)'											, 1				, 3				, 110000	, 123000	, 'Kg'		, '2024-11-20'		),
						(14			, 'Rau cải ngọt (1kg)'											, 2				, 4				, 14000		, 21000		, 'Kg'		, '2024-10-30'		),
						(15			, 'Nấm bào ngư (200g)'											, 2				, 4				, 15000		, 18000		, 'Gói'		, '2024-11-05'		),
						(16			, 'Táo đỏ nhập khẩu (1kg)'										, 2				, 4				, 80000		, 85000		, 'Kg'		, '2024-11-30'		),
						(17			, 'Dầu ăn Neptune 1L'											, 3				, 5				, 35000		, 38000		, 'Chai'	, '2024-01-10'		),
						(18			, 'Nước mắm Nam Ngư 900ml'										, 3				, 5				, 37000		, 41000		, 'Chai'	, '2024-02-25'		),
						(19			, 'Muối tinh hảo hạng (500g)'									, 3				, 5				, 8000		, 10500		, 'Gói'		, '2024-06-01'		),
						(20			, 'Mì gói 3 Miền lẩu thái chua cay (75g)'						, 4				, 13			, 3500		, 400		, 'Gói'		, '2024-03-01'		),
						(21			, 'Kem Wall\'s hộp 450ml'										, 5				, 12			, 50000		, 55000		, 'Hộp'		, '2024-12-15'		),
						(22			, 'Gạo thơm ST25 (5kg)'											, 6				, 1				, 140000	, 150000	, 'Bao'		, '2024-12-01'		),
						(23			, 'Nước ngọt Coca-Cola lon 330ml'								, 7				, 10			, 8000		, 9000		, 'Lon'		, '2024-04-01'		),
						(24			, 'Bia Heineken lon 330ml'										, 7				, 10			, 15000		, 17000		, 'Lon'		, '2024-05-10'		),
						(25			, 'Sữa tươi Vinamilk không đường 1L'							, 8				, 2				, 30000		, 33000		, 'Hộp'		, '2024-02-10'		),
						(26			, 'Bánh quy Oreo 133g'											, 9				, 7				, 25000		, 27000		, 'Gói'		, '2024-06-15'		),
						(27			, 'Kem đánh răng P/S bảo vệ 123 180g'							, 10			, 15			, 23000		, 22000		, 'Tuýp'	, '2024-11-01'		),
						(28			, 'Tã bỉm Huggies size M (30 miếng)'							, 11			, 16			, 180000	, 200000	, 'Gói'		, '2024-08-01'		),
						(29			, 'Nước lau sàn Sunlight hương hoa thiên nhiên 1L'				, 12			, 14			, 35000		, 40000		, 'Chai'	, '2024-07-20'		),
						(30			, 'Bộ chén sứ trắng 6 cái'										, 13			, 18			, 100000	, 120000	, 'Bộ'		, NULL				),
                        (31			, 'Sữa chua Vinamilk Active 150g'								, 8				, 2				, 12000		, 15000		, 'Hộp'		, '2024-12-20'		),
						(32			, 'Bột giặt OMO màu 1kg'										, 12			, 14			, 40000		, 46000		, 'Gói'		, '2024-08-15'		),
						(33			, 'Khăn giấy Sunfresh 3 lớp 10 cuộn'							, 12			, 14			, 24000		, 30000		, 'Gói'		, '2024-05-30'		),
						(34			, 'Bột giặt Ariel trắng 1kg'									, 12			, 14			, 42000		, 50000		, 'Gói'		, '2024-09-10'		),
						(35			, 'Dầu ăn Omega 5L'												, 3				, 5				, 100000	, 120000	, 'Thùng'	, '2024-12-31'		),
						(36			, 'Nước ép trái cây Toco Toco 1L'								, 7				, 10			, 20000		, 24000		, 'Chai'	, '2024-07-15'		),
						(37			, 'Bia Tiger lon 330ml'											, 7				, 10			, 14000		, 16500		, 'Lon'		, '2024-06-20'		),
						(38			, 'Sữa đặc Hương Liên 397g'										, 8				, 2				, 18000		, 22000		, 'Lon'		, '2024-04-25'		),
						(39			, 'Bánh gạo Sữa Đậu Nành 200g'									, 9				, 7				, 12000		, 15000		, 'Gói'		, '2024-05-05'		),
						(40			, 'Xà phòng Dove 90g'											, 10			, 15			, 30000		, 35000		, 'Tuýp'	, '2024-10-10'		),
						(41			, 'Kem dưỡng da Nivea 200ml'									, 10			, 15			, 100000	, 118000	, 'Chai'	, '2024-11-15'		),
						(42			, 'Tã bỉm Pampers size L (40 miếng)'							, 11			, 16			, 220000	, 250000	, 'Gói'		, '2024-09-01'		),
						(43			, 'Bàn chải đánh răng Oral-B cứng 2 cái'						, 10			, 15			, 34000		, 40000		, 'Set'		, '2024-01-01'		),
						(44			, 'Nước rửa chén Dawn 500ml'									, 12			, 14			, 25000		, 30000		, 'Chai'	, '2024-07-30'		),
						(45			, 'Chảo chống dính Tefal 28cm'									, 13			, 18			, 300000	, 350000	, 'Cái'		, NULL				),
						(46			, 'Nồi áp suất Philips HD2137 4L'								, 13			, 18			, 650000	, 740000	, 'Cái'		, NULL				),
						(47			, 'Máy xay sinh tố Panasonic MX-GT303'							, 13			, 18			, 800000	, 900000	, 'Cái'		, NULL				),
						(48			, 'Bộ dao kéo KitchenAid 6 phần'								, 13			, 18			, 450000	, 499000	, 'Bộ'		, NULL				),
						(49			, 'Máy lọc nước Kangaroo 8 cấp'									, 13			, 18			, 1030000	, 1200000	, 'Cái'		, NULL				),
						(50			, 'Bình giữ nhiệt Thermos 1.2L'									, 13			, 18			, 500000	, 600000	, 'Cái'		, NULL				),
						(51			, 'Gạo Jasmine 5kg'												, 6				, 1				, 40000		, 45000		, 'Bao'		, '2024-12-01'		),
						(52			, 'Sữa tươi Meiji 1L'											, 8				, 3				, 30000		, 35000		, 'Hộp'		, '2024-03-15'		),
						(53			, 'Cá hồi nhập khẩu Premium 1kg'								, 1				, 19			, 180000	, 200000	, 'Kg'		, '2024-12-20'		),
						(54			, 'Bột chiên xù Krispy 500g'									, 3				, 5				, 50000		, 60000		, 'Gói'		, '2024-07-30'		),
						(55			, 'Nước ép dứa Cappy 1L'										, 7				, 11			, 25000		, 30000		, 'Chai'	, '2024-05-25'		),
						(56			, 'Mì Xào Hảo Hảo Thái 75g'										, 4				, 6				, 3500		, 4000		, 'Gói'		, '2024-04-15'		),
						(57			, 'Nước mắm Phú Quốc 1L'										, 3				, 20			, 40000		, 45000		, 'Chai'	, '2024-08-20'		),
						(58			, 'Sữa bột Aptamil 400g'										, 11			, 8				, 70000		, 80000		, 'Hộp'		, '2024-10-10'		),
						(59			, 'Kem dưỡng tóc Dove 200ml'									, 10			, 9				, 30000		, 35000		, 'Tuýp'	, '2024-01-01'		),
						(60			, 'Bia Tiger Heineken 500ml'									, 7				, 10			, 22000		, 25000		, 'Lon'		, '2024-06-30'		),
						(61			, 'Đồ dùng nhà bếp IKEA Set 10 món'								, 13			, 18			, 500000	, 550000	, 'Bộ'		, NULL				),
						(62			, 'Nước ép táo Happy Day 1L'									, 7				, 11			, 23000		, 27000		, 'Chai'	, '2024-07-15'		),
						(63			, 'Xà phòng rửa tay Lifebuoy 150g'								, 10			, 12			, 11500		, 15000		, 'Tuýp'	, '2024-09-20'		),
						(64			, 'Cà rốt hữu cơ 1kg'											, 2				, 4				, 45000		, 50000		, 'Kg'		, '2024-11-25'		),
						(65			, 'Bột giặt Tide trắng 1kg'										, 12			, 14			, 60000		, 70000		, 'Gói'		, '2024-10-05'		),
						(66			, 'Sữa công thức Gerber 800g'									, 11			, 17			, 100000	, 120000	, 'Hộp'		, '2024-12-15'		),
						(67			, 'Dầu oliu Extra Virgin 500ml'									, 3				, 19			, 80000		, 90000		, 'Chai'	, '2024-01-20'		),
						(68			, 'Mì gói Phở bò tái chín 80g'									, 4				, 20			, 3800		, 4500		, 'Gói'		, '2024-05-10'		),
						(69			, 'Sữa đậu nành Vinasoy 1L'										, 8				, 7				, 20000		, 25000		, 'Lon'		, '2024-03-30'		),
						(70			, 'Màng bọc thực phẩm PVC 30cm x 100m'							, 13			, 18			, 68900		, 75000		, 'Gói'		, NULL				),
						(71			, 'Thịt bò nhập khẩu (1kg)'										, 1				, 19			, 302000	, 350000	, 'Kg'		, '2024-04-20'		),
						(72			, 'Trái cây sấy khô MixBerry 200g'								, 2				, 5				, 35000		, 40000		, 'Gói'		, '2024-09-25'		),
						(73			, 'Sữa tắm Johnson\'s Baby 250ml'								, 10			, 16			, 18000		, 21900		, 'Chai'	, '2024-11-10'		),
						(74			, 'Bột ngũ cốc Kashi 500g'										, 9				, 7				, 40000		, 45000		, 'Gói'		, '2024-08-15'		),
						(75			, 'Nước giải khát Sprite 1.5L'									, 7				, 10			, 20000		, 25000		, 'Chai'	, '2024-06-25'		),
						(76			, 'Sữa hạnh nhân Almond Breeze 1L'								, 8				, 8				, 50000		, 60000		, 'Hộp'		, '2024-12-05'		),
						(77			, 'Đồ dùng vệ sinh cá nhân Rexona 150ml'						, 10			, 15			, 25000		, 29000		, 'Tuýp'	, '2024-10-20'		),
						(78			, 'Bột mì đa dụng 5kg'											, 6				, 1				, 35000		, 40000		, 'Bao'		, '2024-02-01'		),
						(79			, 'Nước mắm Nam Ngư Premium 1L'									, 3				, 5				, 50000		, 59000		, 'Chai'	, '2024-09-30'		),
						(80			, 'Cam tươi 2kg'												, 2				, 4				, 80000		, 90000		, 'Kg'		, '2024-12-10'		);
                        
INSERT INTO Customer 	(CustomerID	, LastName	, MiddleName	, FirstName	, Phone				, Email						, Address																		)
VALUES 					(1			, 'Nguyễn'	, 'Văn'			, 'Anh'		, '+84909123456'	, 'anh.nguyen@gmail.com'	, '123 Đường Lê Lợi, Phường 1, Quận 1, Thành phố Hồ Chí Minh'					),
						(2			, 'Trần'	, 'Thị'			, 'Bích'	, '+84918123456'	, 'bich.tran@gmail.com'		, '456 Đường Nguyễn Huệ, Phường 3, Quận 1, Thành phố Hồ Chí Minh'				),
						(3			, 'Lê'		, 'Minh'		, 'Cường'	, '+84927123456'	, 'cuong.le@gmail.com'		, '789 Đường Võ Văn Kiệt, Phường 5, Quận 1, Thành phố Hồ Chí Minh'				),
						(4			, 'Phạm'	, 'Thị'			, 'Duyên'	, '+84936123456'	, 'duyen.pham@gmail.com'	, '321 Đường Trần Hưng Đạo, Phường 7, Quận 1, Thành phố Hồ Chí Minh'			),
						(5			, 'Vũ'		, 'Ngọc'		, 'Em'		, '+84945123456'	, 'em.vu@gmail.com'			, '654 Đường Lý Thường Kiệt, Phường 9, Quận 1, Thành phố Hồ Chí Minh'			),
						(6			, 'Hoàng'	, 'Quốc'		, 'Phú'		, '+84954123456'	, 'phu.hoang@gmail.com'		, '987 Đường Phan Đình Phùng, Phường 11, Quận 1, Thành phố Hồ Chí Minh'			),
						(7			, 'Đặng'	, 'Hồng'		, 'Giang'	, '+84963123456'	, 'giang.dang@gmail.com'	, '159 Đường Lê Văn Sỹ, Phường 13, Quận 1, Thành phố Hồ Chí Minh'				),
						(8			, 'Bùi'		, 'Văn'			, 'Hải'		, '+84972123456'	, 'hai.bui@gmail.com'		, '753 Đường Phạm Ngũ Lão, Phường 15, Quận 1, Thành phố Hồ Chí Minh'			),
						(9			, 'Ngô'		, 'Thị'			, 'Ivy'		, '+84981123456'	, 'ivy.ngo@gmail.com'		, '852 Đường Nguyễn Thị Minh Khai, Phường 17, Quận 1, Thành phố Hồ Chí Minh'	),
						(10			, 'Võ'		, 'Thị'			, 'Jade'	, '+84990123456'	, 'jade.vo@gmail.com'		, '951 Đường Võ Văn Ngân, Phường 19, Quận 1, Thành phố Hồ Chí Minh'				),
						(11			, 'Dương'	, 'Quốc'		, 'Khoa'	, '+84901123456'	, 'khoa.duong@gmail.com'	, '147 Đường Trịnh Văn Bô, Phường 21, Quận 1, Thành phố Hồ Chí Minh'			),
						(12			, 'Phan'	, 'Hải'			, 'Lan'		, '+84912123456'	, 'lan.phan@gmail.com'		, '258 Đường Trần Phú, Phường 23, Quận 1, Thành phố Hồ Chí Minh'				),
						(13			, 'Bành'	, 'Nhật'		, 'Minh'	, '+84923123456'	, 'minh.banh@gmail.com'		, '369 Đường Lê Quý Đôn, Phường 25, Quận 1, Thành phố Hồ Chí Minh'				),
						(14			, 'Lý'		, 'Thị'			, 'Nhi'		, '+84934123456'	, 'nhi.ly@gmail.com'		, '741 Đường Nguyễn Bỉnh Khiêm, Phường 27, Quận 1, Thành phố Hồ Chí Minh'		),
						(15			, 'Hồ'		, 'Ngọc'		, 'Oanh'	, '+84945123456'	, 'oanh.ho@gmail.com'		, '852 Đường Mai Chí Thọ, Phường 29, Thành phố Hồ Chí Minh'						);

INSERT INTO Employee 	(EmployeeID, LastName  , MiddleName , FirstName , Address                                         							, Gender	, DoB        	, ManagerID	)
VALUES					(1 			, 'Nguyễn' , 'Văn'      , 'Thanh'   , '12 Đường Nguyễn Văn Cừ, Phường 1, Quận 1, Thành phố Hồ Chí Minh'      	, 'Nam' 	, '1980-05-15'	, NULL		),
						(2 			, 'Trần'   , 'Thị'      , 'Hương'   , '34 Đường Lê Lợi, Phường 2, Quận 1, Thành phố Hồ Chí Minh'             	, 'Nữ' 		, '1985-08-22'	, NULL		),
						(3 			, 'Lê'     , 'Ngọc'     , 'Tuấn'    , '56 Đường Phan Văn Trị, Phường 3, Quận 1, Thành phố Hồ Chí Minh'       	, 'Nam' 	, '1990-12-05'	, NULL		),
						(4 			, 'Phạm'   , 'Minh'     , 'Minh'    , '78 Đường Trần Hưng Đạo, Phường 4, Quận 1, Thành phố Hồ Chí Minh'      	, 'Nam' 	, '1992-03-10'	, 1			),
						(5 			, 'Vũ'     , 'Hồng'     , 'Lan'     , '90 Đường Võ Văn Kiệt, Phường 5, Quận 1, Thành phố Hồ Chí Minh'        	, 'Nữ' 		, '1995-07-18'	, 1			),
						(6 			, 'Hoàng'  , 'Thanh'    , 'Long'    , '21 Đường Nguyễn Thị Minh Khai, Phường 6, Quận 1, Thành phố Hồ Chí Minh'	, 'Nam' 	, '1988-11-25'	, 2			),
						(7 			, 'Đặng'   , 'Thị'      , 'Hoa'     , '43 Đường Lý Thường Kiệt, Phường 7, Quận 1, Thành phố Hồ Chí Minh'    	, 'Nữ' 		, '1993-04-30'	, 2			),
						(8 			, 'Bùi'    , 'Hải'      , 'Nam'     , '65 Đường Phạm Ngũ Lão, Phường 8, Quận 1, Thành phố Hồ Chí Minh'      	, 'Nam' 	, '1987-09-12'	, 3			),
						(9 			, 'Ngô'    , 'Bích'     , 'Thảo'    , '87 Đường Nguyễn Văn Ngân, Phường 9, Quận 1, Thành phố Hồ Chí Minh'    	, 'Nữ' 		, '1991-02-20'	, 3			),
						(10			, 'Võ'     , 'Duy'      , 'Duy'     , '109 Đường Trịnh Văn Bô, Phường 10, Quận 1, Thành phố Hồ Chí Minh'     	, 'Nam' 	, '1994-06-07'	, 1			),
						(11			, 'Dương'  , 'My'       , 'My'      , '131 Đường Trần Phú, Phường 11, Quận 1, Thành phố Hồ Chí Minh'         	, 'Nữ' 		, '1996-10-14'	, 2			),
						(12			, 'Bành'   , 'Tâm'      , 'Tâm'     , '153 Đường Lê Quý Đôn, Phường 12, Quận 1, Thành phố Hồ Chí Minh'       	, 'Nam' 	, '1989-01-29'	, 3			),
						(13			, 'Lý'     , 'Ngọc'     , 'Trang'   , '175 Đường Nguyễn Bỉnh Khiêm, Phường 13, Quận 1, Thành phố Hồ Chí Minh'	, 'Nữ' 		, '1997-05-03'	, 1			),
						(14			, 'Hồ'     , 'Hà'       , 'Hà'      , '197 Đường Mai Chí Thọ, Phường 14, Quận 1, Thành phố Hồ Chí Minh'      	, 'Nữ' 		, '1998-08-19'	, 2			),
						(15			, 'Phan'   , 'Ngọc'     , 'Bình'    , '219 Đường Nguyễn Văn Cừ, Phường 15, Quận 1, Thành phố Hồ Chí Minh'    	, 'Nam' 	, '1990-11-11'	, 3			);

INSERT INTO Warehouse 	(WarehouseID	, Location										)
VALUES 					(1				, 'Quận 1, Thành phố Hồ Chí Minh'				),
						(2				, 'Quận 7, Thành phố Hồ Chí Minh'				),
						(3				, 'Quận Bình Thạnh, Thành phố Hồ Chí Minh'		),
						(4				, 'Thành phố Thủ Đức, Thành phố Hồ Chí Minh'	),
						(5				, 'Quận Tân Phú, Thành phố Hồ Chí Minh'			);
                        
INSERT INTO WarehouseEmployee 	(WarehouseID	, EmployeeID	)
VALUES							(1				, 4				),
								(1				, 5				),
								(1				, 10			),
								(2				, 6				),
								(2				, 7				),
								(2				, 11			),
								(3				, 8				),
								(3				, 9				),
								(3				, 15			),
								(4				, 12			),
								(4				, 13			),
								(4				, 14			),
								(5				, 1				),
								(5				, 2				),
								(5				, 3				);

INSERT INTO StockSale 	(WarehouseID	, EmployeeID	, ProductID	, Quantity	, `DateTime`	, `Type`	)
VALUES					(1 				, 4				, 2 		, 85		, '2024-10-7'	, 'Xuất'	),
						(1				, 5 			, 23		, 128		, '2024-09-08'	, 'Nhập'	),
						(1				, 10			, 17		, 101		, '2024-10-31'	, 'Nhập'	),
						(2				, 6				, 36		, 76		, '2024-11-28'	, 'Xuất'	),
						(2				, 7				, 37		, 152		, '2024-11-21'	, 'Nhập'	),
						(2				, 11			, 57		, 89		, '2024-10-19'	, 'Xuất'	),
						(3				, 8				, 45		, 40		, '2024-11-16'	, 'Nhập'	),
						(3				, 9				, 58		, 105		, '2024-11-03'	, 'Xuất'	),
						(3				, 15			, 16		, 100		, '2024-09-30'	, 'Xuất'	),
						(4				, 12			, 72		, 92		, '2024-10-27'	, 'Xuất'	),
						(4				, 13			, 31		, 114		, '2024-10-01'	, 'Nhập'	),
						(4				, 14			, 40		, 50		, '2024-11-12'	, 'Nhập'	),
						(5				, 1				, 71		, 75		, '2024-09-25'	, 'Nhập'	),
						(5				, 2				, 68		, 80		, '2024-09-17'	, 'Xuất'	),
						(5				, 3				, 14		, 110		, '2024-10-10'	, 'Nhập'	);


INSERT INTO DiscountProduct (DiscountProductID	, DiscountName				, `Description`								, StartDate				, EndDate				, DiscountType		, DiscountValue		)
VALUES						(1 					, 'Black Friday'			, 'Giảm giá chỉ trong Black Friday'			, '2024-11-29 00:00:00'	, '2024-11-29 23:59:59'	, 'Phần trăm'		, 50				),
							(2 					, 'Giảm giá Tết'			, 'Giảm giá trong Tết Nguyễn Đán'			, '2024-02-08 00:00:00'	, '2024-02-13 23:59:59'	, 'Phần trăm'		, 40				),
							(3 					, 'Giảm giá hè'				, 'Giảm giá trong dịp hè đến'				, '2024-06-01 00:00:00'	, '2024-06-07 23:59:59'	, 'Số tiền'			, 100000			),
							(4 					, 'Christmas Sale'			, 'Giảm giá trong dịp Giáng Sinh'			, '2024-12-23 00:00:00'	, '2024-12-25 23:59:59'	, 'Phần trăm'		, 40				),
							(5 					, 'Mùa tựu trường'			, 'Giảm giá trong dịp tựu trường'			, '2024-08-28 00:00:00'	, '2024-09-03 23:59:59'	, 'Số tiền'			, 50000				),
							(6 					, 'Quà 8/3'					, 'Giảm giá ngày Quốc tế phụ nữ'			, '2024-03-08 00:00:00'	, '2024-08-03 23:59:59'	, 'Số tiền'			, 40000				),
							(7 					, 'Flash Sale'				, 'Giảm gíá vào khung giờ vàng'				, '2024-03-15 12:00:00'	, '2024-03-15 16:00:00'	, 'Phần trăm'		, 25				),
							(8 					, 'Giảm giá 30/4 và 1/5'	, 'Giảm giá trong dịp 30/4 và 1/5'			, '2024-04-29 00:00:00'	, '2024-05-02 23:59:59'	, 'Phần trăm'		, 30				),
							(9 					, 'Valentine'				, 'Giảm giá trong ngày lễ tình nhân'		, '2024-02-14 00:00:00'	, '2024-02-14 23:59:59'	, 'Số tiền'			, 30000				),
							(10 				, 'Cyber Monday'			, 'Giảm giá chỉ trong Cyber Monday'			, '2024-12-02 00:00:00'	, '2024-12-02 23:59:59'	, 'Phần trăm'		, 35				),
							(11 				, 'Giảm giá 2/9'			, 'Giảm giá nhân dịp Quốc Khánh 2/9'		, '2024-09-01 00:00:00'	, '2024-09-03 23:59:59'	, 'Phần trăm'		, 50				),
							(12 				, 'Giảm giá trung thu'		, 'Giảm giá trong dịp Trung Thu'			, '2024-09-15 00:00:00'	, '2024-09-19 23:59:59'	, 'Số tiền'			, 50000				),
							(13 				, 'Ngày độc thân 11/11'		, 'Giảm giá trong ngày lễ độc thân'			, '2024-11-11 00:00:00'	, '2024-11-12 23:59:59'	, 'Phần trăm'		, 10				),
							(14 				, 'Giảm giá cuối năm'		, 'Giảm giá trong những ngày cuối của năm'	, '2024-11-28 00:00:00'	, '2024-12-31 23:59:59'	, 'Phần trăm'		, 25				),
							(15 				, 'Giảm giá xuân'			, 'Giảm giá trong dịp xuân đến'				, '2024-03-05 00:00:00'	, '2024-03-08 23:59:59'	, 'Số tiền'			, 100000			);


INSERT INTO DiscountProduct_Product	(DiscountProductID	, ProductID	) 
VALUES								(1 					, 1			),
									(1 					, 2			),
									(2 					, 3			),
									(2 					, 4			),
									(3 					, 2			),
									(4 					, 8			),
									(4 					, 7			),
									(5 					, 3			),
									(6 					, 9			),
									(7 					, 5			),
									(7 					, 10		),
									(8 					, 1			),
									(8 					, 15		),
									(8 					, 17		),
									(9 					, 10		);


INSERT INTO DiscountOrder 	(DiscountOrderID	, DiscountName				, `Description`								, StartDate				, EndDate				, DiscountType	, DiscountValue	, MinimumOrderAmount	)
VALUES						(1					, 'Black Friday'			, 'Giảm giá chỉ trong Black Friday'			, '2024-11-29 00:00:00'	, '2024-11-29 23:59:59'	, 'Phần trăm'	, 50			, 1000000				),
							(2					, 'Giảm giá Tết'			, 'Giảm giá trong Tết Nguyễn Đán'			, '2024-02-08 00:00:00'	, '2024-02-13 23:59:59'	, 'Phần trăm'	, 40			, 800000				),
							(3					, 'Giảm giá hè'				, 'Giảm giá trong dịp hè đến'				, '2024-06-01 00:00:00'	, '2024-06-07 23:59:59'	, 'Số tiền'		, 100000		, 500000				),
							(4					, 'Christmas Sale'			, 'Giảm giá trong dịp Giáng Sinh'			, '2024-12-23 00:00:00'	, '2024-12-25 23:59:59'	, 'Phần trăm'	, 40			, 1200000				),
							(5					, 'Mùa tựu trường'			, 'Giảm giá trong dịp tựu trường'			, '2024-08-28 00:00:00'	, '2024-09-03 23:59:59'	, 'Số tiền'		, 50000			, 500000				),
							(6					, 'Quà 8/3'					, 'Giảm giá ngày Quốc tế phụ nữ'			, '2024-03-08 00:00:00'	, '2024-03-08 23:59:59'	, 'Số tiền'		, 40000			, 400000				),
							(7					, 'Flash Sale'				, 'Giảm giá vào khung giờ vàng'				, '2024-03-15 12:00:00'	, '2024-03-15 16:00:00'	, 'Phần trăm'	, 25			, 800000				),
							(8					, 'Giảm giá 30/4 và 1/5'	, 'Giảm giá trong dịp 30/4 và 1/5'			, '2024-04-29 00:00:00'	, '2024-05-02 23:59:59'	, 'Phần trăm'	, 30			, 600000				),
							(9					, 'Valentine'				, 'Giảm giá trong ngày lễ tình nhân'		, '2024-02-14 00:00:00'	, '2024-02-14 23:59:59'	, 'Số tiền'		, 30000			, 300000				),
							(10					, 'Cyber Monday'			, 'Giảm giá chỉ trong Cyber Monday'			, '2024-12-02 00:00:00'	, '2024-12-02 23:59:59'	, 'Phần trăm'	, 35			, 1500000				),
							(11					, 'Giảm giá 2/9'			, 'Giảm giá nhân dịp Quốc Khánh 2/9'		, '2024-09-01 00:00:00'	, '2024-09-03 23:59:59'	, 'Phần trăm'	, 50			, 1000000				),
							(12					, 'Giảm giá trung thu'		, 'Giảm giá trong dịp Trung Thu'			, '2024-09-15 00:00:00'	, '2024-09-19 23:59:59'	, 'Số tiền'		, 50000			, 500000				),
							(13					, 'Ngày độc thân 11/11'		, 'Giảm giá trong ngày lễ độc thân'			, '2024-11-11 00:00:00'	, '2024-11-12 23:59:59'	, 'Phần trăm'	, 10			, 200000				),
							(14					, 'Giảm giá cuối năm'		, 'Giảm giá trong những ngày cuối của năm'	, '2024-11-28 00:00:00'	, '2024-12-31 23:59:59'	, 'Phần trăm'	, 25			, 1500000				),
							(15					, 'Giảm giá xuân'			, 'Giảm giá trong dịp xuân đến'				, '2024-03-05 00:00:00'	, '2024-03-08 23:59:59'	, 'Số tiền'		, 100000		, 1000000				);


INSERT INTO `Order`	(OrderID	, EmployeeID	, DiscountOrderID	) 
VALUES				(1			, 1				, 2					),
					(2			, 3				, 7					),
					(3			, 4				, 9					),
					(4			, 5				, 12				),
					(5			, 1				, 1					),
					(6			, 2				, 10				),
					(7			, 5				, 14				),
					(8			, 3				, 13				),
					(9			, 4				, 3					),
					(10			, 2				, 15				),
					(11			, 5				, 4					),
					(12			, 3				, 7					),
					(13			, 1				, 5					),
					(14			, 2				, 12				),
					(15			, 4				, 6					);

INSERT INTO Product_Order	(ProductID	, OrderID	, QuantitySold	, UnitPrice	) 
VALUES						(1			, 1			, 2				, 95000		),
							(18			, 1			, 2				, 37000		),
							(47			, 2			, 1				, 800000	),
							(49			, 3			, 1				, 1030000	),
							(30			, 4			, 2				, 100000	),
							(45			, 4			, 1				, 300000	),
							(71			, 5			, 4				, 302000	),
							(53			, 5			, 2				, 180000	),
							(12			, 5			, 8				, 70000		),
							(32			, 6			, 2				, 40000		),
							(21			, 7			, 4				, 50000		),
							(48			, 8			, 2				, 450000	),
							(42			, 9			, 2				, 220000	),
							(58			, 9			, 2				, 70000		),
							(49			, 10		, 1				, 1030000	);

INSERT INTO Payment (PaymentID	, OrderID	, CustomerID	,  PaymentMethod	, `DateTime`			) 
VALUES				(1			, 1			, 1				, 'Tiền mặt'		, '2024-02-09 15:19:44'	),
					(2			, 2			, 2				, 'Chuyển khoản'	, '2024-09-01 17:15:09'	),
					(3			, 3			, 3				, 'Thẻ'				, '2024-02-24 11:32:50'	),
					(4			, 4			, 4				, 'Chuyển khoản'	, '2024-09-15 19:22:16'	),
					(5			, 5			, 5				, 'Thẻ'				, '2024-11-29 18:49:13'	),
					(6			, 6			, 6				, 'Tiền mặt'		, '2024-12-02 09:24:39'	),
					(7			, 7			, 7				, 'Tiền mặt'		, '2024-12-31 12:45:15'	),
					(8			, 8			, 8				, 'Chuyển khoản'	, '2024-12-15 13:59:17'	),
					(9			, 9			, 9				, 'Thẻ'				, '2024-06-05 08:30:43'	),
					(10			, 10		, 10			, 'Thẻ'				, '2024-03-08 10:27:25'	),
					(11			, 11		, 11			, 'Tiền mặt'		, '2024-12-25 14:05:52'	),
					(12			, 12		, 12			, 'Chuyển khoản'	, '2024-09-01 15:00:09'	),
					(13			, 13		, 13			, 'Tiền mặt'		, '2024-08-31 12:26:34'	),
					(14			, 14		, 14			, 'Thẻ'				, '2023-09-15 18:54:13'	),
					(15			, 15		, 15			, 'Thẻ'				, '2024-01-11 16:23:36'	);

INSERT INTO Voucher (VoucherID	, CustomerID	, OrderID	, VoucherName			, VoucherValue	, StartDate				, EndDate				, `Description`					)
VALUES 				(1 			, 1 			, 1	 		, 'Giảm giá Tết'        , 500000 		, '2024-02-08 08:00:00' , '2024-02-13 23:59:59' , 'Giảm giá dịp Tết Nguyên Đán'	),
					(2 			, 2 			, 2 		, 'Mua 2 tặng 1'       	, 200000 		, '2024-09-01 00:00:00' , '2024-09-05 23:59:59' , 'Ưu đãi mua 2 sản phẩm'		),
					(3 			, 3 			, 3 		, 'Khách hàng mới'     	, 300000 		, '2024-02-20 00:00:00' , '2024-02-25 23:59:59' , 'Dành cho khách hàng mới'		),
					(4 			, 4 			, 4 		, 'Giảm 10%'           	, 100000 		, '2023-09-15 08:00:00' , '2023-10-15 23:59:59' , 'Ưu đãi giảm 10%'				),
					(5 			, 5 			, 5 		, 'Black Friday'       	, 150000 		, '2024-11-29 00:00:00' , '2024-11-29 23:59:59' , 'Khuyến mãi Black Friday'		),
					(6 			, 6 			, 6 		, 'Cyber Monday'       	, 250000 		, '2024-12-02 00:00:00' , '2024-12-02 23:59:59' , 'Khuyến mãi Cyber Monday'		),
					(7 			, 7 			, 7 		, 'Giảm giá cuối năm'  	, 400000 		, '2024-12-15 00:00:00' , '2024-12-31 23:59:59' , 'Khuyến mãi cuối năm'			),
					(8 			, 8 			, 8 		, 'Tri ân khách hàng'  	, 500000 		, '2024-01-12 00:00:00' , '2024-01-15 23:59:59' , 'Quà tặng tri ân khách hàng'	),
					(9 			, 9 			, 9 		, 'Giảm giá hè'        	, 200000 		, '2024-06-01 00:00:00' , '2024-06-07 23:59:59' , 'Ưu đãi mùa hè'				),
					(10			, 10			, 10		, 'Quà 8/3'             , 300000 		, '2024-03-01 00:00:00' , '2024-03-08 23:59:59' , 'Ưu đãi ngày Quốc tế Phụ nữ'	),
					(11			, 11			, 11		, 'Noel Sale'           , 600000 		, '2023-12-15 00:00:00' , '2023-12-25 23:59:59' , 'Giảm giá dịp Noel'			),
					(12			, 12			, 12		, 'Flash Sale'          , 100000 		, '2024-09-01 12:00:00' , '2024-09-01 18:00:00' , 'Ưu đãi giờ vàng'				),
					(13			, 13			, 13		, 'Mùa tựu trường'      , 200000 		, '2024-08-01 00:00:00' , '2024-08-31 23:59:59' , 'Giảm giá mùa tựu trường'		),
					(14			, 14			, 14		, 'Giảm giá trung thu'  , 250000 		, '2024-09-15 00:00:00' , '2024-09-19 23:59:59' , 'Khuyến mãi dịp Trung thu'	),
					(15			, 15			, 15		, 'Giảm giá VIP'        , 1000000		, '2024-01-10 00:00:00' , '2024-01-16 23:59:59' , 'Dành cho khách hàng VIP'		);


INSERT INTO Position (PositionID	, PositionName			, BaseSalary	) 
VALUES				(1				, 'Quản lý'				, 20000000		),
					(2				, 'Nhân viên kho'		, 10000000		),
                    (3				, 'Thu ngân'			, 10500000		),
                    (4				, 'Nhân viên vệ sinh'	, 9000000		);


INSERT INTO PositionHistory (EmployeeID		, PositionID	, StartDate		, EndDate    	)
VALUES  					(1              , 2             , '2022-01-01'  , '2022-12-31'  ),
							(1              , 1             , '2023-01-01'  , NULL          ),
							(2              , 3             , '2021-06-01'  , '2023-01-31'  ),
							(2              , 1             , '2023-02-01'  , NULL          ),
							(3              , 4             , '2022-05-01'  , '2023-08-31'  ),
							(3              , 1             , '2023-09-01'  , NULL          ),
							(4              , 4             , '2023-01-16'  , NULL          ),
							(5              , 3             , '2023-12-01'  , NULL          ),
							(6              , 2             , '2023-12-01'  , NULL          ),
							(7              , 3             , '2023-01-01'  , NULL          ),
							(8              , 4             , '2022-05-01'  , NULL          ),
							(9              , 2             , '2023-06-01'  , NULL          ),
							(10             , 3             , '2023-09-16'  , NULL          ),
							(11             , 3             , '2021-11-01'  , NULL          ),
							(12             , 4             , '2023-08-01'  , NULL          ),
							(13             , 3             , '2023-04-01'  , NULL          ),
							(14             , 2             , '2023-05-01'  , NULL          ),
							(15             , 3             , '2024-05-10'  , NULL          );


INSERT INTO Bonus 	(BonusID		, Amount  	, Reason                     					, `Date`        , EmployeeID	)
VALUES 				(1            	, 100000    , 'Hỗ trợ khách hàng tốt'         				, '2023-01-15' 	, 1           	),
					(2            	, 50000     , 'Tìm đồ bị mất'                 				, '2023-01-20' 	, 2           	),
					(3            	, 75000     , 'Giúp đồng nghiệp'              				, '2023-02-05' 	, 3           	),
					(4            	, 50000     , 'Sắp xếp gọn gàng'              				, '2023-02-10' 	, 4           	),
					(5            	, 120000    , 'Tăng ca đột xuất'              				, '2023-03-01' 	, 5           	),
					(6            	, 90000     , 'Hỗ trợ khách hàng khó tính'    				, '2023-03-15' 	, 6           	),
					(7            	, 75000     , 'Phát hiện hàng lỗi'            				, '2023-03-20' 	, 7           	),
					(8            	, 150000    , 'Xử lý nhanh tình huống'        				, '2023-04-05' 	, 8           	),
					(9            	, 50000     , 'Hỗ trợ thu ngân'               				, '2023-04-10' 	, 9           	),
					(10           	, 200000    , 'Tiết kiệm chi phí'             				, '2023-04-25' 	, 10          	),
					(11           	, 100000    , 'Hỗ trợ khách hàng khuyết tật'  				, '2023-05-01' 	, 11          	),
					(12           	, 50000     , 'Sắp xếp hàng hóa đẹp'          				, '2023-05-15' 	, 12          	),
					(13           	, 150000    , 'Phát hiện hàng giả'            				, '2023-06-01' 	, 13          	),
					(14           	, 75000     , 'Hỗ trợ thu ngân'               				, '2023-06-10' 	, 14          	),
					(15           	, 100000    , 'Chủ động giúp khách'           				, '2023-06-20' 	, 15          	),
					(16           	, 75000     , 'Sắp xếp kho hợp lý'            				, '2023-07-01' 	, 1           	),
					(17           	, 100000    , 'Tìm ra sai sót hóa đơn'        				, '2023-07-15' 	, 2           	),
					(18           	, 90000     , 'Đề xuất ý tưởng tốt'           				, '2023-08-01' 	, 3           	),
					(19           	, 75000     , 'Giúp nhân viên mới'            				, '2023-08-10' 	, 4           	),
					(20           	, 100000    , 'Chủ động vệ sinh khu vực'      				, '2023-08-20' 	, 5           	),
					(21           	, 120000    , 'Phát hiện hàng hết hạn'        				, '2023-09-01' 	, 6           	),
					(22           	, 50000     , 'Hỗ trợ khách hàng lớn tuổi'    				, '2023-09-15' 	, 7           	),
					(23           	, 75000     , 'Đóng góp cải thiện quy trình'  				, '2023-10-01' 	, 8           	),
					(24           	, 100000    , 'Giải quyết khiếu nại tốt'      				, '2023-10-10' 	, 9           	),
					(25           	, 75000     , 'Tìm đồ bị mất'                 				, '2023-10-20' 	, 10          	),
					(26           	, 50000     , 'Chăm sóc quầy hàng'            				, '2023-11-01' 	, 11          	),
					(27           	, 100000    , 'Hỗ trợ khách hàng nước ngoài'  				, '2023-11-10' 	, 12          	),
					(28           	, 75000     , 'Hỗ trợ bảo vệ'                 				, '2023-11-20' 	, 13          	),
					(29           	, 90000     , 'Đóng góp cho sự kiện'          				, '2023-12-01' 	, 14          	),
					(30           	, 150000    , 'Hỗ trợ giải quyết xung đột'    				, '2023-12-10' 	, 15          	),
                    (31				, 80000		, 'Giải quyết tồn đọng hàng hóa'				, '2024-01-15'	, 1				),
					(32				, 120000	, 'Hỗ trợ nhân viên mới thích nghi'				, '2024-02-10'	, 2				),
					(33				, 90000		, 'Chủ động thay đổi trưng bày quầy kệ'			, '2024-03-05'	, 3				),
					(34				, 70000		, 'Dọn dẹp kho xuất sắc'						, '2024-04-10'	, 4				),
					(35				, 100000	, 'Đạt doanh số thu ngân cao'					, '2024-05-12'	, 7				),
					(36				, 150000	, 'Phát hiện lỗi sản phẩm kịp thời'				, '2024-06-20'	, 8				),
					(37				, 80000		, 'Quản lý kho gọn gàng'						, '2024-07-15'	, 9				),
					(38				, 90000		, 'Hỗ trợ khách nước ngoài'						, '2024-08-18'	, 10			),
					(39				, 60000		, 'Nhanh nhẹn trong thanh toán'					, '2024-09-25'	, 11			),
					(40				, 75000		, 'Vệ sinh cửa hàng trước giờ kiểm tra'			, '2024-10-02'	, 12			),
					(41				, 110000	, 'Kiểm tra hóa đơn cẩn thận'					, '2024-11-05'	, 13			),
					(42				, 85000		, 'Sắp xếp hàng kho khoa học'					, '2024-12-08'	, 14			),
					(43				, 100000	, 'Hỗ trợ khách lễ Giáng sinh'					, '2023-12-24'	, 14			),
                    (44				, 95000		, 'Hỗ trợ kiểm kho cuối năm'            		, '2024-01-05'	, 1				),
					(45				, 110000	, 'Xử lý tình huống khẩn cấp'           		, '2024-01-18'	, 2				),
					(46				, 75000		, 'Đề xuất cải tiến trưng bày'          		, '2024-02-10'	, 3				),
					(47				, 90000		, 'Tận tình hướng dẫn khách'            		, '2024-02-22'	, 4				),
					(48				, 85000		, 'Chủ động giải quyết tranh chấp'      		, '2024-03-01'	, 5				),
					(49				, 120000	, 'Đảm bảo chất lượng hàng nhập'        		, '2024-03-15'	, 6				),
					(50				, 80000		, 'Khuyến khích đồng đội'               		, '2024-03-28'	, 7				),
					(51				, 60000		, 'Tăng năng suất bán hàng'             		, '2024-04-05'	, 8				),
					(52				, 50000		, 'Đề xuất ý tưởng marketing'           		, '2024-04-12'	, 9				),
					(53				, 130000	, 'Kiểm tra an toàn thực phẩm'          		, '2024-04-20'	, 10			),
					(54				, 70000		, 'Chăm sóc khu vực trưng bày'          		, '2024-05-01'	, 11			),
					(55				, 140000	, 'Nắm bắt xu hướng thị trường'         		, '2024-05-10'	, 12			),
					(56				, 75000		, 'Hỗ trợ chạy chương trình khuyến mãi' 		, '2024-05-25'	, 13			),
					(57				, 80000		, 'Đảm bảo vệ sinh quầy kệ'             		, '2024-06-05'	, 14			),
					(58				, 90000		, 'Góp ý cải thiện quy trình làm việc'  		, '2024-06-15'	, 15			),
					(59				, 60000		, 'Tận tụy phục vụ khách mùa cao điểm'  		, '2024-07-02'	, 1				),
					(60				, 150000	, 'Đề xuất chiến lược bán hàng hiệu quả'		, '2024-07-18'	, 2				),
					(61				, 100000	, 'Xử lý hàng tồn kho'                  		, '2024-08-01'	, 3				),
					(62				, 85000		, 'Phát hiện gian lận giá'              		, '2024-08-12'	, 4				),
					(63				, 70000		, 'Chủ động hỗ trợ điều phối hàng'      		, '2024-08-25'	, 5				),
                    (64				, 90000		, 'Hỗ trợ khách mùa lễ hội'                		, '2024-09-10'	, 6				),
					(65				, 80000		, 'Đảm bảo an toàn phòng cháy nổ'          		, '2024-09-25'	, 7				),
					(66				, 100000	, 'Quản lý sắp xếp hàng mới tinh gọn'      		, '2024-10-05'	, 8				),
					(67				, 60000		, 'Tư vấn sản phẩm tận tâm'               		, '2024-10-15'	, 9				),
					(68				, 75000		, 'Hỗ trợ giải quyết phàn nàn khách'       		, '2024-10-28'	, 10			),
					(69				, 120000	, 'Phát hiện sản phẩm giả mạo'             		, '2024-11-05'	, 11			),
					(70				, 70000		, 'Tiết kiệm chi phí đóng gói'            		, '2024-11-12'	, 12			),
					(71				, 95000		, 'Chuẩn bị hàng Tết sớm'                 		, '2024-11-25'	, 13			),
					(72				, 80000		, 'Hỗ trợ đào tạo nhân viên mới'          		, '2024-12-01'	, 14			),
					(73				, 110000	, 'Xử lý tình huống chen lấn'             		, '2024-10-07'	, 15			),
					(74				, 60000		, 'Nhận diện xu hướng tiêu dùng'          		, '2023-12-20'	, 1				),
					(75				, 100000	, 'Hỗ trợ kiểm kê cuối năm'                		, '2023-12-28'	, 2				),
					(76				, 90000		, 'Phát hiện hàng cận date'               		, '2024-01-05'	, 3				),
					(77				, 50000		, 'Dọn dẹp quầy đón năm mới'              		, '2024-01-10'	, 4				),
					(78				, 130000	, 'Thúc đẩy doanh số dịp lễ'              		, '2024-01-20'	, 5				),
					(79				, 75000		, 'Khuyến khích bán chéo sản phẩm'         		, '2024-02-01'	, 6				),
					(80				, 85000		, 'Hỗ trợ xử lý hàng đổi trả'             		, '2024-02-12'	, 7				),
					(81				, 95000		, 'Sáng kiến giảm thiểu rác thải'         		, '2024-02-25'	, 8				),
					(82				, 100000	, 'Chủ động hỗ trợ giờ cao điểm'           		, '2024-03-05'	, 9				),
					(83				, 70000		, 'Xây dựng quy trình bán hàng nhanh'     		, '2024-03-15'	, 10			),
                    (84				, 90000		, 'Hỗ trợ giải quyết tình huống khó khăn'		, '2024-01-08'	, 1				),
					(85				, 100000	, 'Tư vấn sản phẩm hiệu quả'					, '2024-01-15'	, 2				),	
					(86				, 75000		, 'Phát hiện sản phẩm lỗi'						, '2024-01-22'	, 3				),
					(87				, 85000		, 'Đề xuất cải tiến quy trình'					, '2024-01-29'	, 4				),
					(88				, 120000	, 'Đạt doanh số vượt kỳ vọng'					, '2024-01-12'	, 5				),
					(89				, 95000		, 'Chủ động hỗ trợ khách hàng'					, '2024-02-05'	, 6				),
					(90				, 80000		, 'Duy trì vệ sinh khu vực'						, '2024-02-10'	, 7				),
					(91				, 70000		, 'Tích cực hướng dẫn đồng nghiệp mới'			, '2024-02-18'	, 8				),
					(92				, 100000	, 'Đóng góp vào sự kiện Valentine'				, '2024-02-25'	, 9				),
					(93				, 85000		, 'Hỗ trợ trong kiểm kho định kỳ'				, '2024-02-15'	, 10			),
					(94				, 75000		, 'Chủ động xử lý hàng tồn'						, '2024-03-01'	, 11			),
					(95				, 110000	, 'Đề xuất sáng kiến tiết kiệm'					, '2024-03-10'	, 12			),
					(96				, 130000	, 'Đảm bảo chất lượng hàng nhập'				, '2024-03-20'	, 13			),
					(97				, 90000		, 'Thúc đẩy doanh số bán hàng'					, '2024-03-05'	, 14			),
					(98				, 80000		, 'Hỗ trợ tổ chức chương trình khuyến mãi'		, '2024-03-12'	, 15			),
					(99				, 75000		, 'Tư vấn sản phẩm chuyên nghiệp'				, '2024-04-08'	, 1				),
					(100			, 120000	, 'Đề xuất chiến lược bán hàng'					, '2024-04-18'	, 2				),
					(101			, 100000	, 'Thành tích xuất sắc trong bán hàng'			, '2024-04-25'	, 3				),
					(102			, 95000		, 'Hỗ trợ điều phối hàng hóa'					, '2024-04-30'	, 4				),
					(103			, 85000		, 'Đảm bảo quy trình vận hành hiệu quả'			, '2024-04-12'	, 5				),
					(104			, 110000	, 'Đạt KPI trong tháng'							, '2024-05-05'	, 6				),
					(105			, 75000		, 'Sáng tạo trong trưng bày sản phẩm'			, '2024-05-14'	, 7				),
					(106			, 120000	, 'Chủ động trong công việc'					, '2024-05-25'	, 8				),
					(107			, 95000		, 'Duy trì chất lượng dịch vụ'					, '2024-05-18'	, 9				),
					(108			, 90000		, 'Phát hiện hàng hóa giả mạo'					, '2024-05-28'	, 10			),
					(109			, 100000	, 'Đề xuất ý tưởng phát triển'					, '2024-06-01'	, 11			),
					(110			, 85000		, 'Xây dựng môi trường làm việc tích cực'		, '2024-06-15'	, 12			),
					(111			, 70000		, 'Đóng góp vào hoạt động nhóm'					, '2024-06-22'	, 13			),
					(112			, 90000		, 'Thành tích tốt trong quản lý kho'			, '2024-06-10'	, 14			),
					(113			, 110000	, 'Giúp đỡ đồng nghiệp mới'						, '2024-06-28'	, 15			),
					(114			, 75000		, 'Hỗ trợ tổ chức sự kiện'						, '2024-07-05'	, 1				),
					(115			, 100000	, 'Đề xuất cải tiến quy trình'					, '2024-07-12'	, 2				),
					(116			, 120000	, 'Thành tích xuất sắc trong bán hàng'			, '2024-07-18'	, 3				),
					(117			, 95000		, 'Đạt mục tiêu kinh doanh tháng'				, '2024-07-25'	, 4				),
					(118			, 90000		, 'Hỗ trợ xử lý đơn hàng lớn'					, '2024-07-30'	, 5				),
                    (119            , 85000     , 'Hỗ trợ khách hàng VIP'         				, '2024-08-05' 	, 6           	),
					(120            , 100000    , 'Đề xuất sáng kiến cải tiến'     				, '2024-08-12' 	, 7           	),
					(121            , 95000     , 'Đạt chỉ tiêu bán hàng'          				, '2024-08-20' 	, 8           	),
					(122            , 120000    , 'Tư vấn sản phẩm xuất sắc'        			, '2024-08-25' 	, 9           	),
					(123            , 75000     , 'Hỗ trợ tổ chức lễ khai trương'  				, '2024-09-01' 	, 10          	),
					(124            , 80000     , 'Duy trì hình ảnh quầy hàng đẹp' 				, '2024-09-10' 	, 11          	),
					(125            , 90000     , 'Giúp khách hàng tìm sản phẩm'    			, '2024-09-15' 	, 12          	),
					(126            , 110000    , 'Đề xuất chiến lược tiếp thị'     			, '2024-09-22' 	, 13          	),
					(127            , 85000     , 'Phát hiện gian lận'              			, '2024-10-01' 	, 14          	),
					(128            , 100000    , 'Đạt KPI vượt mong đợi'          				, '2024-10-08' 	, 15          	),
					(129            , 95000     , 'Hỗ trợ chương trình giảm giá'    			, '2024-10-15' 	, 1           	),
					(130            , 120000    , 'Dẫn đầu nhóm đạt doanh thu cao'  			, '2024-10-25' 	, 2           	),
					(131            , 70000     , 'Tận tình hỗ trợ khách hàng'      			, '2024-11-01' 	, 3           	),
					(132            , 80000     , 'Phát hiện và xử lý hàng lỗi'     			, '2024-11-10' 	, 4           	),
					(133            , 100000    , 'Đóng góp sáng tạo cho dự án'     			, '2024-11-20' 	, 5           	),
					(134            , 75000     , 'Chủ động sắp xếp kho gọn gàng'   			, '2024-11-25' 	, 6           	),
					(135            , 85000     , 'Đề xuất giải pháp giảm chi phí'  			, '2024-12-01' 	, 7           	),
					(136            , 110000    , 'Phát triển kênh bán hàng mới'    			, '2024-12-02' 	, 8           	),
					(137            , 120000    , 'Đảm bảo doanh thu dịp cuối năm'  			, '2024-12-03' 	, 9           	),
					(138            , 95000     , 'Hỗ trợ tổ chức chương trình lễ'  			, '2024-12-04' 	, 10          	),
					(139            , 75000     , 'Đạt hiệu quả vượt mong đợi'      			, '2024-12-05' 	, 11          	),
					(140            , 80000     , 'Tận tâm với công việc'           			, '2024-01-05' 	, 12          	),
					(141            , 100000    , 'Tư vấn sản phẩm hiệu quả'        			, '2024-01-10' 	, 13          	),
					(142            , 110000    , 'Gắn bó và hỗ trợ đồng đội'        			, '2024-01-20' 	, 14          	),
					(143            , 120000    , 'Đạt chỉ tiêu vượt kế hoạch'      			, '2024-01-28' 	, 15          	),
					(144            , 95000     , 'Đóng góp tích cực vào quy trình' 			, '2024-02-05' 	, 1           	),
					(145            , 80000     , 'Giải quyết khiếu nại tốt'        			, '2024-02-10' 	, 2           	),
					(146            , 75000     , 'Hỗ trợ tổ chức sự kiện nội bộ'    			, '2024-02-15' 	, 3           	),
					(147            , 100000    , 'Tăng ca không ngại khó khăn'      			, '2024-02-25' 	, 4           	),
					(148            , 85000     , 'Duy trì hình ảnh thương hiệu tốt' 			, '2024-03-05' 	, 5           	),
					(149            , 110000    , 'Giúp khách hàng khi cần'        				, '2024-03-12' 	, 6           	),
					(150            , 120000    , 'Đề xuất phương án cải thiện'     			, '2024-03-20' 	, 7           	),
					(151            , 70000     , 'Hoàn thành mục tiêu kinh doanh'  			, '2024-03-25' 	, 8           	),
					(152            , 75000     , 'Góp ý xây dựng đội nhóm'        				, '2024-04-01' 	, 9           	),
					(153            , 80000     , 'Hỗ trợ kiểm kê hàng hóa'        				, '2024-04-08' 	, 10          	),
					(154            , 100000    , 'Chủ động hỗ trợ đồng nghiệp'     			, '2024-04-15' 	, 11          	),
					(155            , 85000     , 'Phát hiện vấn đề kịp thời'       			, '2024-04-22' 	, 12          	),
					(156            , 110000    , 'Hỗ trợ bán hàng vượt chỉ tiêu'    			, '2024-04-30' 	, 13          	),
					(157            , 120000    , 'Đạt thành tích xuất sắc quý'     			, '2024-05-05' 	, 14          	),
					(158            , 95000     , 'Góp phần mở rộng khách hàng'     			, '2024-05-10' 	, 15          	),
					(159            , 75000     , 'Hỗ trợ kiểm kho hàng tháng'      			, '2024-05-15' 	, 1           	),
					(160            , 80000     , 'Đóng góp trong quản lý kho'      			, '2024-05-20' 	, 2           	),
					(161            , 100000    , 'Phát triển mối quan hệ đối tác'  			, '2024-05-25' 	, 3           	),
					(162            , 85000     , 'Giữ vững doanh thu cửa hàng'     			, '2024-05-30' 	, 4           	),
					(163            , 110000    , 'Duy trì hoạt động ổn định'       			, '2024-06-05' 	, 5           	),
					(164            , 120000    , 'Đạt hiệu quả công việc vượt trội' 			, '2024-06-10' 	, 6           	),
					(165            , 70000     , 'Sắp xếp lại quầy hàng hiệu quả'  			, '2024-06-15' 	, 7           	),
					(166            , 75000     , 'Hỗ trợ nhân viên mới hòa nhập'    			, '2024-06-20' 	, 8           	),
					(167            , 80000     , 'Đề xuất ý tưởng sáng tạo'        			, '2024-06-25' 	, 9           	),
					(168            , 100000    , 'Đạt chỉ tiêu hàng tuần'          			, '2024-07-01' 	, 10          	),
					(169            , 85000     , 'Gắn kết khách hàng thân thiết'  				, '2024-07-08' 	, 11          	),
					(170            , 110000    , 'Đảm bảo chất lượng dịch vụ tốt nhất'			, '2024-07-15' 	, 12          	),
                    (171            , 75000     , 'Xử lý tình huống bất ngờ hiệu quả'  			, '2024-07-20' 	, 1           	),
					(172            , 100000    , 'Đề xuất cải tiến quản lý kho'    			, '2024-07-28' 	, 2           	),
					(173            , 80000     , 'Hỗ trợ kiểm tra hàng tồn đọng'   			, '2024-08-05' 	, 3           	),
					(174            , 90000     , 'Giúp khách hàng tìm kiếm nhanh'  			, '2024-08-10' 	, 4           	),
					(175            , 120000    , 'Phát hiện và báo cáo hàng giả'    			, '2024-08-15' 	, 5           	),
					(176            , 85000     , 'Tư vấn khách hàng tận tâm'        			, '2024-08-25' 	, 6           	),
					(177            , 110000    , 'Chủ động hỗ trợ vệ sinh khu vực' 			, '2024-09-01' 	, 7           	),
					(178            , 95000     , 'Đề xuất ý tưởng đổi mới bán hàng' 			, '2024-09-10' 	, 8           	),
					(179            , 100000    , 'Hỗ trợ khách hàng tận tâm'   				, '2024-09-20' 	, 9           	),
					(180            , 70000     , 'Thực hiện kiểm kê hàng đúng hạn' 			, '2024-09-25' 	, 10          	),
					(181            , 85000     , 'Đóng góp vào quy trình số hóa'    			, '2024-10-05' 	, 11          	),
					(182            , 75000     , 'Phát hiện sai sót trong hóa đơn'  			, '2024-10-12' 	, 12          	),
					(183            , 90000     , 'Hỗ trợ xử lý đơn hàng nhanh chóng' 			, '2024-10-20' 	, 13          	),
					(184            , 120000    , 'Đảm bảo chất lượng trong giao nhận hàng' 	, '2024-10-30' 	, 14          	),
					(185            , 95000     , 'Giải quyết khiếu nại chuyên nghiệp' 			, '2024-11-05' 	, 15          	),
					(186            , 80000     , 'Đóng góp vào chiến lược kinh doanh' 			, '2024-11-10' 	, 1           	),
					(187            , 75000     , 'Đảm bảo vệ sinh quầy hàng trước kiểm tra' 	, '2024-11-15' 	, 2           	),
					(188            , 85000     , 'Hỗ trợ khách trong giờ cao điểm' 			, '2024-11-20' 	, 3           	),
					(189            , 100000    , 'Đề xuất sáng kiến giảm chi phí' 				, '2024-11-28' 	, 4           	),
					(190            , 120000    , 'Thành tích xuất sắc trong quý'     			, '2024-12-05' 	, 5           	),
					(191            , 90000     , 'Chủ động hỗ trợ giải quyết xung đột' 		, '2024-12-05' 	, 6           	),
					(192            , 70000     , 'Xử lý hàng hư hỏng kịp thời'      			, '2024-12-08' 	, 7           	),
					(193            , 75000     , 'Hỗ trợ tổ chức sự kiện đặc biệt' 			, '2024-12-07' 	, 8           	),
					(194            , 80000     , 'Đảm bảo vận hành kho hiệu quả'    			, '2024-01-05' 	, 9           	),
					(195            , 95000     , 'Tư vấn khách hàng xuất sắc'       			, '2024-01-10' 	, 10          	),
					(196            , 85000     , 'Phát hiện vấn đề trong vận hành' 			, '2024-01-18' 	, 11          	),
					(197            , 100000    , 'Thành tích nổi bật trong bán hàng' 			, '2024-01-25' 	, 12          	),
					(198            , 75000     , 'Chủ động xử lý hàng tồn kho'     			, '2024-02-05' 	, 13          	),
					(199            , 120000    , 'Đạt chỉ tiêu vượt kế hoạch'      			, '2024-02-12' 	, 14          	),
					(200            , 85000     , 'Phát triển mối quan hệ khách hàng lâu dài' 	, '2024-02-20' 	, 15          	),
					(201            , 70000     , 'Đề xuất ý tưởng tiếp thị hiệu quả' 			, '2024-02-28' 	, 1           	),
					(202            , 75000     , 'Hỗ trợ kiểm tra tồn kho định kỳ' 			, '2024-03-05' 	, 2           	),
					(203            , 80000     , 'Chăm sóc khách hàng đặc biệt'     			, '2024-03-10' 	, 3           	),
					(204            , 90000     , 'Đề xuất cải tiến vận hành kho'    			, '2024-03-18' 	, 4           	),
					(205            , 120000    , 'Đạt thành tích nổi bật trong quý' 			, '2024-03-25' 	, 5           	),
					(206            , 85000     , 'Hỗ trợ vận chuyển hàng hóa kịp thời' 		, '2024-04-01' 	, 6           	),
					(207            , 100000    , 'Thành tích vượt mong đợi trong bán hàng' 	, '2024-04-10' 	, 7           	),
					(208            , 75000     , 'Chủ động sắp xếp quầy hàng'      			, '2024-04-20' 	, 8           	),
					(209            , 95000     , 'Phát hiện và báo cáo vấn đề kịp thời' 		, '2024-04-30' 	, 9           	),
					(210            , 80000     , 'Đóng góp tích cực trong nhóm'    			, '2024-05-05' 	, 10          	),
					(211            , 85000     , 'Tư vấn khách hàng hiệu quả'     				, '2024-05-15' 	, 11          	),
					(212            , 90000     , 'Hỗ trợ xử lý đơn hàng lớn'        			, '2024-05-25' 	, 12          	),
					(213            , 100000    , 'Chăm sóc khách hàng VIP'        				, '2024-06-01' 	, 13          	),
					(214            , 75000     , 'Đảm bảo vận hành kho suôn sẻ'    			, '2024-06-10' 	, 14          	),
					(215            , 120000    , 'Đề xuất chiến lược kinh doanh' 				, '2024-06-20' 	, 15          	),
					(216            , 85000     , 'Phát triển quan hệ đối tác chiến lược' 		, '2024-06-30' 	, 1           	),
					(217            , 70000     , 'Đảm bảo chất lượng trong kiểm tra hàng' 		, '2024-07-05' 	, 2           	),
					(218            , 75000     , 'Hỗ trợ xử lý hàng trả lại'       			, '2024-07-10' 	, 3           	),
					(219            , 80000     , 'Đề xuất ý tưởng vận hành mới'    			, '2024-07-15' 	, 4           	),
					(220            , 100000    , 'Hỗ trợ khách hàng quốc tế'      				, '2024-07-20' 	, 5           	),
                    (221            , 100000    , 'Đề xuất giải pháp tăng doanh số'  			, '2024-01-05' 	, 1           	),
					(222            , 85000     , 'Hỗ trợ vận chuyển hàng hóa khẩn cấp'   		, '2024-01-12' 	, 2           	),
					(223            , 75000     , 'Tích cực hỗ trợ khách trong giờ cao điểm'	, '2024-01-25' 	, 3           	),
					(224            , 90000     , 'Phát hiện sai sót trong đơn hàng'   			, '2024-02-08' 	, 4           	),
					(225            , 80000     , 'Thực hiện kiểm kê vượt mong đợi'   			, '2024-02-15' 	, 5           	),
					(226            , 120000    , 'Đảm bảo chất lượng hàng nhập kho' 			, '2024-02-20' 	, 6           	),
					(227            , 95000     , 'Hỗ trợ quản lý hàng hóa hiệu quả'  			, '2024-03-02' 	, 7           	),
					(228            , 100000    , 'Tư vấn khách hàng chuyên nghiệp'   			, '2024-03-10' 	, 8           	),
					(229            , 75000     , 'Chủ động đóng góp cho quy trình vận hành' 	, '2024-03-20' 	, 9           	),
					(230            , 85000     , 'Đề xuất chiến lược marketing hiệu quả' 		, '2024-03-28' 	, 10          	),
					(231            , 90000     , 'Phát hiện hàng hết hạn kịp thời'  			, '2024-04-05' 	, 11          	),
					(232            , 75000     , 'Xử lý tình huống bất ngờ chuyên nghiệp' 		, '2024-04-12' 	, 12          	),
					(233            , 85000     , 'Tăng năng suất nhóm'          				, '2024-04-18' 	, 13          	),
					(234            , 100000    , 'Hỗ trợ tổ chức sự kiện mùa hè' 				, '2024-04-30' 	, 14          	),
					(235            , 120000    , 'Đạt thành tích vượt chỉ tiêu doanh số' 		, '2024-05-08' 	, 15          	),
					(236            , 90000     , 'Chủ động vệ sinh khu vực thường xuyên' 		, '2024-05-15' 	, 1           	),
					(237            , 75000     , 'Đảm bảo an toàn trong kho'      				, '2024-05-22' 	, 2           	),
					(238            , 85000     , 'Hỗ trợ đồng nghiệp mới'						, '2024-06-01' 	, 3           	),
					(239            , 95000     , 'Đề xuất phương án tiết kiệm chi phí'   		, '2024-06-08' 	, 4           	),
					(240            , 100000    , 'Tư vấn bán hàng đạt hiệu quả cao' 			, '2024-06-18' 	, 5           	),
					(241            , 85000     , 'Đề xuất giải pháp cải tiến vận hành' 		, '2024-06-25' 	, 6           	),
					(242            , 75000     , 'Hỗ trợ giải quyết tranh chấp khách hàng' 	, '2024-07-03' 	, 7           	),
					(243            , 120000    , 'Đạt KPI trong tháng'          				, '2024-07-10' 	, 8           	),
					(244            , 100000    , 'Phát triển ý tưởng trưng bày sản phẩm' 		, '2024-07-18' 	, 9           	),
					(245            , 90000     , 'Hỗ trợ đào tạo nội bộ'        				, '2024-07-28' 	, 10          	),
					(246            , 75000     , 'Giải quyết khiếu nại nhanh chóng' 			, '2024-08-05' 	, 11          	),
					(247            , 85000     , 'Đảm bảo vệ sinh khu vực bán hàng'   			, '2024-08-15' 	, 12          	),
					(248            , 95000     , 'Đóng góp vào kế hoạch lễ hội'     			, '2024-08-22' 	, 13          	),
					(249            , 120000    , 'Chủ động hỗ trợ giờ cao điểm' 				, '2024-09-02' 	, 14          	),
					(250            , 100000    , 'Phát hiện lỗi sản phẩm quan trọng' 			, '2024-09-10' 	, 15          	),
					(251            , 80000     , 'Đảm bảo vận hành hiệu quả trong dịp lễ' 		, '2024-09-18' 	, 1           	),
					(252            , 85000     , 'Đóng góp ý tưởng cải thiện năng suất' 		, '2024-09-25' 	, 2           	),
					(253            , 75000     , 'Hỗ trợ khách hàng VIP chuyên nghiệp' 		, '2024-10-01' 	, 3           	),
					(254            , 95000     , 'Tư vấn bán hàng tận tâm'      				, '2024-10-08' 	, 4           	),
					(255            , 100000    , 'Thành tích nổi bật trong quản lý kho' 		, '2024-10-18' 	, 5           	),
					(256            , 120000    , 'Đạt chỉ tiêu tháng'         					, '2024-10-25' 	, 6           	),
					(257            , 90000     , 'Hỗ trợ kiểm kê cuối năm hiệu quả' 			, '2024-11-05' 	, 7           	),
					(258            , 85000     , 'Đảm bảo vận hành kho suôn sẻ'    			, '2024-11-12' 	, 8           	),
					(259            , 75000     , 'Phát hiện hàng giả nhanh chóng' 				, '2024-11-20' 	, 9           	),
					(260            , 100000    , 'Hỗ trợ khách trong dịp mua sắm lễ hội' 		, '2024-11-28' 	, 10          	),
					(261            , 120000    , 'Đề xuất chiến lược kinh doanh hiệu quả' 		, '2024-12-05' 	, 11          	),
					(262            , 95000     , 'Hỗ trợ tổ chức chương trình khuyến mãi lớn' 	, '2024-12-02' 	, 12          	),
					(263            , 90000     , 'Chủ động giải quyết vấn đề tồn đọng' 		, '2024-12-08' 	, 13          	),
					(264            , 85000     , 'Đóng góp tích cực vào quy trình vận hành' 	, '2024-12-04' 	, 14          	),
					(265            , 75000     , 'Đảm bảo doanh số vượt chỉ tiêu' 				, '2024-12-08' 	, 15          	);


INSERT INTO Overtime	(OvertimeID	, OvertimeRate	, Hours	, `Date`     	, EmployeeID	)
VALUES 					(1          , 50000         , 2     , '2023-01-15' 	, 1             ),
						(2          , 75000         , 3     , '2023-01-20' 	, 2             ),
						(3          , 60000         , 4     , '2023-02-05' 	, 3             ),
						(4          , 45000         , 5     , '2023-02-10' 	, 4             ),
						(5          , 80000         , 2    	, '2023-03-01' 	, 5             ),
						(6          , 70000         , 3     , '2023-03-15' 	, 6             ),
						(7          , 50000         , 6		, '2023-03-20' 	, 7             ),
						(8          , 65000         , 2     , '2023-04-05' 	, 8             ),
						(9          , 40000         , 3     , '2023-04-10' 	, 9             ),
						(10         , 60000         , 4 	, '2023-04-25' 	, 10            ),
						(11         , 70000         , 2   	, '2023-05-01' 	, 11            ),
						(12         , 55000         , 3     , '2023-06-01' 	, 13            ),
						(14         , 50000         , 2		, '2023-06-10' 	, 14            ),
						(15         , 80000         , 3		, '2023-06-20' 	, 15            ),
						(16         , 45000         , 5		, '2023-07-01' 	, 1             ),
						(17         , 60000         , 4		, '2023-07-15' 	, 2             ),
						(18         , 55000         , 2		, '2023-08-01' 	, 3             ),
						(19         , 70000         , 6		, '2023-08-10' 	, 4             ),
						(20         , 65000         , 3		, '2023-08-20' 	, 5             ),
						(21         , 60000         , 2		, '2023-09-01' 	, 6             ),
						(22         , 80000         , 3		, '2023-09-15' 	, 7             ),
						(23         , 40000         , 4		, '2023-10-01' 	, 8             ),
						(24         , 50000         , 5		, '2023-10-10' 	, 9             ),
						(25         , 45000         , 2		, '2023-10-20' 	, 10            ),
						(26         , 55000         , 3		, '2023-11-01' 	, 11            ),
						(27         , 75000         , 4		, '2023-11-10' 	, 12            ),
						(28         , 80000         , 2		, '2023-11-20' 	, 13            ),
						(29         , 60000         , 3		, '2023-12-01' 	, 14            ),
						(30         , 70000         , 4		, '2023-12-10' 	, 15            ),
                        (31			, 60000			, 3		, '2024-01-25'	, 1				),  
						(32			, 70000			, 2		, '2024-02-14'	, 2				),
						(33			, 50000			, 4		, '2024-03-22'	, 3				),
						(34			, 45000			, 2		, '2024-04-15'	, 4				),
						(35			, 80000			, 3		, '2024-12-05'	, 5				),
						(36			, 75000			, 5		, '2024-05-25'	, 7				),
						(37			, 65000			, 3		, '2024-06-30'	, 8				),
						(38			, 50000			, 4		, '2024-07-18'	, 9				),
						(39			, 60000			, 2		, '2024-08-10'	, 10			),
						(40			, 55000			, 2		, '2024-09-02'	, 11			),
						(41			, 70000			, 2		, '2024-10-11'	, 12			),
						(42			, 80000			, 3		, '2024-11-07'	, 13			),
						(43			, 65000			, 4		, '2024-12-15'	, 14			),
						(44			, 60000			, 2		, '2024-12-20'	, 15			),
                        (45			, 65000         , 3     , '2024-01-10'	, 6	 			),
						(46			, 50000         , 4     , '2024-01-22'	, 7	 			),
						(47			, 75000         , 2     , '2024-02-05'	, 8	 			),
						(48			, 60000         , 2     , '2024-02-15'	, 9	 			),
						(49			, 45000         , 5     , '2024-03-02'	, 10 			),
						(50			, 80000         , 3     , '2024-03-18'	, 11 			),
						(51			, 70000         , 4     , '2024-04-01'	, 12 			),
						(52			, 55000         , 2     , '2024-04-10'	, 13 			),
						(53			, 40000         , 3     , '2024-04-25'	, 14 			),
						(54			, 50000         , 5     , '2024-05-05'	, 15 			),
						(55			, 65000         , 3     , '2024-05-20'	, 1	 			),
						(56			, 55000         , 2     , '2024-06-02'	, 2	 			),
						(57			, 60000         , 4     , '2024-06-15'	, 3	 			),
						(58			, 70000         , 2     , '2024-07-01'	, 4	 			),
						(59			, 80000         , 3     , '2024-07-10'	, 5	 			),
						(60			, 50000         , 4     , '2024-07-25'	, 6	 			),
						(61			, 45000         , 2     , '2024-08-05'	, 7	 			),
						(62			, 75000         , 6     , '2024-08-18'	, 8	 			),
						(63			, 60000         , 3     , '2024-09-02'	, 9	 			),
						(64			, 50000         , 4     , '2024-09-15'	, 10			),
                        (65			, 60000         , 3     , '2024-09-20'	, 11 			),
						(66			, 45000         , 2     , '2024-10-01'	, 12 			),
						(67			, 70000         , 4     , '2024-10-12'	, 13 			),
						(68			, 80000         , 3     , '2024-10-25'	, 14 			),
						(69			, 50000         , 5     , '2024-11-05'	, 15 			),
						(70			, 65000         , 2     , '2024-11-15'	, 1	 			),
						(71			, 55000         , 3     , '2024-11-28'	, 2	 			),
						(72			, 60000         , 4     , '2024-12-05'	, 3	 			),
						(73			, 45000         , 2     , '2024-12-15'	, 4	 			),
						(74			, 80000         , 3     , '2024-12-25'	, 5	 			),
						(75			, 70000         , 2     , '2024-01-07'	, 6	 			),
						(76			, 50000         , 4     , '2024-01-18'	, 7	 			),
						(77			, 60000         , 2     , '2024-01-30'	, 8	 			),
						(78			, 75000         , 3     , '2024-02-10'	, 9	 			),
						(79			, 80000         , 5     , '2024-02-22'	, 10 			),
						(80			, 55000         , 2     , '2024-03-02'	, 11 			),
						(81			, 40000         , 3     , '2024-03-12'	, 12 			),
						(82			, 70000         , 4     , '2024-03-25'	, 13 			),
						(83			, 60000         , 3     , '2024-04-05'	, 14 			),
						(84			, 50000         , 2     , '2024-04-15'	, 15 			),
                        (85         , 60000         , 4     , '2024-05-01' 	, 1	 			),
						(86         , 70000         , 3     , '2024-05-15' 	, 2	 			),
						(87         , 50000         , 2     , '2024-05-20' 	, 3	 			),
						(88         , 80000         , 5     , '2024-06-05' 	, 4	 			),
						(89         , 45000         , 3     , '2024-06-18' 	, 5	 			),
						(90         , 75000         , 4     , '2024-06-25' 	, 6	 			),
						(91         , 65000         , 2     , '2024-07-01' 	, 7	 			),
						(92         , 50000         , 4     , '2024-07-10' 	, 8	 			),
						(93         , 60000         , 3     , '2024-07-18' 	, 9	 			),
						(94         , 70000         , 2     , '2024-08-02' 	, 10 			),
						(95         , 80000         , 5     , '2024-08-15' 	, 11 			),
						(96         , 55000         , 4     , '2024-08-25' 	, 12 			),
						(97         , 60000         , 3     , '2024-09-05' 	, 13 			),
						(98         , 50000         , 2     , '2024-09-15' 	, 14 			),
						(99         , 70000         , 4     , '2024-09-25' 	, 15 			),
						(100        , 75000         , 3     , '2024-10-01' 	, 1	 			),
						(101        , 45000         , 5     , '2024-10-10' 	, 2	 			),
						(102        , 80000         , 4     , '2024-10-20' 	, 3	 			),
						(103        , 65000         , 2     , '2024-11-05' 	, 4	 			),
						(104        , 60000         , 5     , '2024-11-15' 	, 5	 			),
						(105        , 55000         , 3     , '2024-11-25' 	, 6	 			),
						(106        , 50000         , 4     , '2024-12-05' 	, 7	 			),
						(107        , 70000         , 2     , '2024-12-15' 	, 8	 			),
						(108        , 60000         , 3     , '2024-12-25' 	, 9	 			),
						(109        , 75000         , 5     , '2024-01-05' 	, 10 			),
						(110        , 80000         , 4     , '2024-01-15' 	, 11 			),
						(111        , 65000         , 3     , '2024-01-25' 	, 12 			),
						(112        , 55000         , 2     , '2024-02-05' 	, 13 			),
						(113        , 50000         , 4     , '2024-02-15' 	, 14 			),
						(114        , 70000         , 3     , '2024-02-25' 	, 15 			),
                        (115        , 60000         , 3     , '2024-05-10' 	, 1	 			),
						(116        , 75000         , 4     , '2024-05-20' 	, 2	 			),
						(117        , 50000         , 2     , '2024-05-25' 	, 3	 			),
						(118        , 80000         , 5     , '2024-06-01' 	, 4	 			),
						(119        , 45000         , 3     , '2024-06-15' 	, 5	 			),
						(120        , 65000         , 2     , '2024-06-20' 	, 6	 			),
						(121        , 50000         , 4     , '2024-07-05' 	, 7	 			),
						(122        , 70000         , 3     , '2024-07-15' 	, 8	 			),
						(123        , 60000         , 2     , '2024-07-25' 	, 9	 			),
						(124        , 80000         , 4     , '2024-08-05' 	, 10 			),
						(125        , 55000         , 5     , '2024-08-20' 	, 11 			),
						(126        , 70000         , 2     , '2024-08-25' 	, 12 			),
						(127        , 65000         , 3     , '2024-09-10' 	, 13 			),
						(128        , 50000         , 4     , '2024-09-20' 	, 14 			),
						(129        , 60000         , 2     , '2024-09-25' 	, 15 			),
						(130        , 75000         , 5     , '2024-10-05' 	, 1	 			),
						(131        , 80000         , 3     , '2024-10-15' 	, 2	 			),
						(132        , 55000         , 2     , '2024-10-25' 	, 3	 			),
						(133        , 50000         , 4     , '2024-11-05' 	, 4	 			),
						(134        , 60000         , 3     , '2024-11-15' 	, 5	 			),
						(135        , 45000         , 5     , '2024-11-25' 	, 6	 			),
						(136        , 70000         , 2     , '2024-12-05' 	, 7	 			),
						(137        , 80000         , 3     , '2024-12-15' 	, 8	 			),
						(138        , 60000         , 2     , '2024-12-25' 	, 9	 			),
						(139        , 65000         , 4     , '2024-12-28' 	, 10 			),
						(140        , 50000         , 5     , '2024-12-30' 	, 11 			),
						(141        , 55000         , 2     , '2024-12-31' 	, 12 			),
						(142        , 70000         , 3     , '2024-11-10' 	, 13 			),
						(143        , 45000         , 4     , '2024-11-20' 	, 14 			),
						(144        , 80000         , 5     , '2024-12-01' 	, 15 			),
                        (145        , 60000         , 4     , '2024-06-25' 	, 1	 			),
						(146        , 75000         , 3     , '2024-01-15' 	, 2	 			),
						(147        , 50000         , 2     , '2024-03-12' 	, 3	 			),
						(148        , 80000         , 5     , '2024-04-10' 	, 4	 			),
						(149        , 45000         , 3     , '2024-05-07' 	, 5	 			),
						(150        , 65000         , 6     , '2024-02-25' 	, 6	 			),
						(151        , 50000         , 2     , '2024-07-18' 	, 7	 			),
						(152        , 70000         , 4     , '2024-11-02' 	, 8	 			),
						(153        , 60000         , 3     , '2024-09-10' 	, 9	 			),
						(154        , 80000         , 5     , '2024-08-01' 	, 10 			),
						(155        , 55000         , 2     , '2024-05-15' 	, 11 			),
						(156        , 70000         , 3     , '2024-07-25' 	, 12 			),
						(157        , 65000         , 4     , '2024-03-20' 	, 13 			),
						(158        , 50000         , 5     , '2024-09-01' 	, 14 			),
						(159        , 60000         , 2     , '2024-04-17' 	, 15 			),
						(160        , 75000         , 3     , '2024-08-05' 	, 1	 			),
						(161        , 80000         , 5     , '2024-06-10' 	, 2	 			),
						(162        , 55000         , 2     , '2024-10-15' 	, 3	 			),
						(163        , 50000         , 4     , '2024-02-18' 	, 4	 			),
						(164        , 60000         , 3     , '2024-12-01' 	, 5	 			),
						(165        , 45000         , 2     , '2024-11-22' 	, 6	 			),
						(166        , 70000         , 4     , '2024-09-12' 	, 7	 			),
						(167        , 80000         , 3     , '2024-10-08' 	, 8	 			),
						(168        , 60000         , 5     , '2024-04-25' 	, 9	 			),
						(169        , 65000         , 2     , '2024-05-20' 	, 10 			),
						(170        , 50000         , 4     , '2024-03-01' 	, 11 			),
						(171        , 55000         , 2     , '2024-07-30' 	, 12 			),
						(172        , 70000         , 3     , '2024-10-22' 	, 13 			),
						(173        , 45000         , 5     , '2024-01-07' 	, 14 			),
						(174        , 80000         , 4     , '2024-11-10' 	, 15 			),
                        (175        , 70000         , 3     , '2024-02-10' 	, 1	 			),
						(176        , 50000         , 4     , '2024-06-15' 	, 2	 			),
						(177        , 65000         , 2     , '2024-08-25' 	, 3	 			),
						(178        , 80000         , 5     , '2024-03-05' 	, 4	 			),
						(179        , 45000         , 3     , '2024-05-12' 	, 5	 			),
						(180        , 75000         , 4     , '2024-09-02' 	, 6	 			),
						(181        , 55000         , 3     , '2024-10-10' 	, 7	 			),
						(182        , 60000         , 2     , '2024-04-20' 	, 8	 			),
						(183        , 50000         , 5     , '2024-01-30' 	, 9	 			),
						(184        , 65000         , 4     , '2024-07-05' 	, 10 			),
						(185        , 70000         , 3     , '2024-03-18' 	, 11 			),
						(186        , 75000         , 5     , '2024-09-20' 	, 12 			),
						(187        , 55000         , 2     , '2024-10-08' 	, 13 			),
						(188        , 50000         , 4     , '2024-06-28' 	, 14 			),
						(189        , 45000         , 3     , '2024-11-05' 	, 15 			),
						(190        , 80000         , 5     , '2024-12-12' 	, 1	 			),
						(191        , 70000         , 4     , '2024-04-07' 	, 2	 			),
						(192        , 60000         , 3     , '2024-08-15' 	, 3	 			),
						(193        , 75000         , 2     , '2024-02-20' 	, 4	 			),
						(194        , 55000         , 5     , '2024-09-01' 	, 5	 			),
						(195        , 65000         , 4     , '2024-07-25' 	, 6	 			),
						(196        , 50000         , 2     , '2024-03-10' 	, 7	 			),
						(197        , 45000         , 3     , '2024-11-15' 	, 8	 			),
						(198        , 80000         , 6     , '2024-06-05' 	, 9	 			),
						(199        , 60000         , 4     , '2024-05-08' 	, 10 			),
						(200        , 70000         , 2     , '2024-10-02' 	, 11 			),
						(201        , 75000         , 3     , '2024-12-20' 	, 12 			),
						(202        , 80000         , 5     , '2024-11-10' 	, 13 			),
						(203        , 65000         , 3     , '2024-09-12' 	, 14 			),
						(204        , 60000         , 4     , '2024-03-22' 	, 15 			),
						(205        , 50000         , 2     , '2024-02-05' 	, 1	 			),
						(206        , 70000         , 3     , '2024-08-20' 	, 2	 			),
						(207        , 75000         , 4     , '2024-07-12' 	, 3	 			),
						(208        , 45000         , 5     , '2024-04-15' 	, 4	 			),
						(209        , 60000         , 3     , '2024-09-18' 	, 5	 			),
						(210        , 80000         , 5     , '2024-10-25' 	, 6	 			),
						(211        , 65000         , 2     , '2024-11-02' 	, 7	 			),
						(212        , 50000         , 4     , '2024-01-14' 	, 8	 			),
						(213        , 70000         , 3     , '2024-06-12' 	, 9	 			),
						(214        , 75000         , 5     , '2024-12-25' 	, 10 			),
						(215        , 60000         , 4     , '2024-04-10' 	, 11 			),
						(216        , 45000         , 2     , '2024-08-01' 	, 12 			),
						(217        , 80000         , 6     , '2024-03-01' 	, 13 			),
						(218        , 65000         , 3     , '2024-09-28' 	, 14 			),
						(219        , 50000         , 2     , '2024-07-15' 	, 15 			),
						(220        , 75000         , 4     , '2024-11-20' 	, 1	 			),
						(221        , 70000         , 3     , '2024-02-15' 	, 2	 			),
						(222        , 60000         , 2     , '2024-10-10' 	, 3	 			),
						(223        , 80000         , 5     , '2024-06-01' 	, 4	 			),
						(224        , 55000         , 3     , '2024-05-25' 	, 5	 			);
                        
INSERT INTO Deduction	(DeductionID	, Amount	, Reason                  					, `Date`     	, EmployeeID	)
VALUES 					(1              , 50000   	, 'Đi làm trễ'            					, '2023-01-10' 	, 1             ),
						(2              , 100000    , 'Làm mất hàng hóa'       					, '2023-01-15' 	, 2             ),
						(3              , 75000     , 'Thái độ không tốt'      					, '2023-02-01' 	, 3             ),
						(4              , 50000     , 'Đi làm trễ'            					, '2023-02-05' 	, 4             ),
						(5              , 80000     , 'Làm mất dụng cụ'        					, '2023-02-20' 	, 5             ),
						(6              , 100000    , 'Không tuân thủ quy định'					, '2023-03-01' 	, 6             ),
						(7              , 50000     , 'Đi làm trễ'            					, '2023-03-10' 	, 7             ),
						(8              , 150000    , 'Làm hư hàng hóa'        					, '2023-03-20' 	, 8             ),
						(9              , 75000     , 'Không hỗ trợ khách'     					, '2023-04-01' 	, 9             ),
						(10             , 50000    	, 'Đi làm trễ'            					, '2023-04-05' 	, 10            ),
						(11             , 120000   	, 'Sai sót khi thanh toán' 					, '2023-04-15' 	, 11            ),
						(12             , 100000    , 'Không hoàn thành công việc'				, '2023-04-25'	, 12          	),
						(13             , 50000     , 'Đi làm trễ'            					, '2023-05-01' 	, 13            ),
						(14             , 80000     , 'Thất thoát hàng hóa'    					, '2023-05-10' 	, 14            ),
						(15             , 100000    , 'Không giữ vệ sinh'      					, '2023-05-20' 	, 15            ),
						(16             , 50000     , 'Đi làm trễ'            					, '2023-06-01' 	, 1             ),
						(17             , 75000     , 'Không tuân thủ quy định'					, '2023-06-10'	, 2             ),
						(18             , 100000    , 'Làm mất hóa đơn'        					, '2023-06-20' 	, 3             ),
						(19             , 50000     , 'Đi làm trễ'            					, '2023-07-01' 	, 4             ),
						(20             , 80000     , 'Không hoàn thành công việc'				, '2023-07-10'	, 5           	),
						(21             , 100000    , 'Làm mất hàng hóa'       					, '2023-07-20' 	, 6             ),
						(22             , 50000     , 'Đi làm trễ'            					, '2023-08-01' 	, 7             ),
						(23             , 120000    , 'Sai sót khi thanh toán' 					, '2023-08-10' 	, 8             ),
						(24             , 150000   	, 'Làm hư hàng hóa'        					, '2023-08-20' 	, 9             ),
						(25             , 75000     , 'Không hỗ trợ khách'     					, '2023-09-01' 	, 10            ),
						(26             , 50000     , 'Đi làm trễ'            					, '2023-09-10' 	, 11            ),
						(27             , 100000    , 'Không giữ vệ sinh'      					, '2023-09-20' 	, 12            ),
						(28             , 80000     , 'Làm mất dụng cụ'        					, '2023-10-01' 	, 13            ),
						(29             , 50000     , 'Đi làm trễ'            					, '2023-10-10' 	, 14            ),
						(30             , 100000    , 'Không tuân thủ quy định'					, '2023-10-20' 	, 15            ),
                        (31             , 75000    	, 'Bị khách hàng mắng vốn'					, '2024-11-11' 	, 15            ),
                        (32				, 50000		, 'Đi làm muộn'								, '2024-01-20'	, 1				),
						(33				, 80000		, 'Làm vỡ sản phẩm'							, '2024-02-22'	, 2				),
						(34				, 60000		, 'Quên kiểm tra hạn sử dụng'				, '2024-03-10'	, 3				),
						(35				, 40000		, 'Đi làm muộn'								, '2024-04-18'	, 4				),
						(36				, 75000		, 'Chậm trễ trong kiểm kho'					, '2024-05-02'	, 9				),
						(37				, 100000	, 'Không tuân thủ nội quy'					, '2024-06-25'	, 11			),
						(38				, 50000		, 'Bỏ quên dụng cụ vệ sinh'					, '2024-07-08'	, 12			),
						(39				, 90000		, 'Thiếu trung thực trong báo cáo'			, '2024-08-16'	, 13			),
						(40				, 60000		, 'Đi làm muộn'								, '2024-09-30'	, 14			),
						(41				, 80000		, 'Không đeo thẻ nhân viên'					, '2024-12-22'	, 15			),
						(42				, 45000 	, 'Đi làm muộn'               				, '2024-12-28' 	, 1 			),
						(43				, 90000 	, 'Làm rơi hàng dễ vỡ'            			, '2024-11-02' 	, 8 			),
                        (44				, 70000   	, 'Đi làm trễ'                              , '2024-01-05' 	, 2  			),
						(45				, 80000   	, 'Làm mất sản phẩm giá trị cao'            , '2024-01-20' 	, 3  			),
						(46				, 100000  	, 'Không kiểm tra tồn kho định kỳ'          , '2024-02-01' 	, 4  			),
						(47				, 50000   	, 'Đi làm trễ'                              , '2024-02-10' 	, 5  			),
						(48				, 90000   	, 'Xử lý hàng hỏng chậm trễ'                , '2024-03-05' 	, 6  			),
						(49				, 60000   	, 'Quên đóng cửa kho đúng giờ'              , '2024-03-18' 	, 7  			),
						(50				, 75000   	, 'Không theo dõi hạn dùng sản phẩm'        , '2024-04-02' 	, 8  			),
						(51				, 50000   	, 'Đi làm trễ'                              , '2024-04-12' 	, 9  			),
						(52				, 120000  	, 'Sai sót trong báo cáo doanh thu'         , '2024-04-25' 	, 10 			),
						(53				, 80000   	, 'Không hoàn thành nhiệm vụ phân công' 	, '2024-05-05' 	, 11 			),
						(54				, 50000   	, 'Đi làm trễ'                              , '2024-05-15' 	, 12 			),
						(55				, 100000  	, 'Không giữ vệ sinh khu vực làm việc'      , '2024-05-28' 	, 13 			),
						(56				, 70000   	, 'Thiếu trung thực trong kiểm hàng'        , '2024-06-10' 	, 14 			),
						(57				, 90000   	, 'Làm mất hóa đơn quan trọng'              , '2024-06-22' 	, 15 			),
						(58				, 45000   	, 'Đi làm trễ'                              , '2024-07-01' 	, 1  			),
						(59				, 50000   	, 'Không tuân thủ quy định an toàn'         , '2024-07-12' 	, 2  			),
						(60				, 100000  	, 'Làm hư hàng đông lạnh'                   , '2024-07-25' 	, 3  			),
						(61				, 75000   	, 'Bỏ qua kiểm tra an toàn vệ sinh'         , '2024-08-05' 	, 4  			),
						(62				, 50000   	, 'Đi làm trễ'                              , '2024-08-20' 	, 5  			),
						(63				, 100000  	, 'Không tuân thủ quy trình bán hàng'       , '2024-09-01' 	, 6  			),
                        (64				, 50000   , 'Đi làm trễ'                               	, '2024-09-10' , 7  			),
						(65				, 100000  , 'Không kiểm tra kịp thời hàng hỏng'        	, '2024-09-22' , 8  			),
						(66				, 75000   , 'Sai sót trong xuất kho'                   	, '2024-10-02' , 9  			),
						(67				, 60000   , 'Đi làm trễ'                               	, '2024-10-12' , 10 			),
						(68				, 80000   , 'Làm mất văn bản quan trọng'               	, '2024-10-25' , 11 			),
						(69				, 90000   , 'Không cập nhật giá mới'                   	, '2024-11-05' , 12 			),
						(70				, 50000   , 'Đi làm trễ'                               	, '2024-11-15' , 13 			),
						(71				, 100000  , 'Không thực hiện vệ sinh kho'              	, '2024-11-28' , 14 			),
						(72				, 75000   , 'Sai lệch trong kiểm kê'                   	, '2024-12-05' , 15 			),
						(73				, 70000   , 'Đi làm trễ'                               	, '2024-12-15' , 1  			),
						(74				, 85000   , 'Làm mất hàng mẫu'                        	, '2024-12-25' , 2  			),
						(75				, 50000   , 'Không tuân thủ lịch làm việc'             	, '2024-01-08' , 3  			),
						(76				, 90000   , 'Hỏng thiết bị quầy'                       	, '2024-01-20' , 4  			),
						(77				, 60000   , 'Đi làm trễ'                               	, '2024-01-30' , 5  			),
						(78				, 100000  , 'Không sắp xếp hàng đúng chỗ'              	, '2024-02-10' , 6  			),
						(79				, 55000   , 'Lãng phí vật tư'                          	, '2024-02-22' , 7  			),
						(80				, 50000   , 'Đi làm trễ'                               	, '2024-03-05' , 8  			),
						(81				, 120000  , 'Sai sót trong thu ngân'                   	, '2024-03-15' , 9  			),
						(82				, 80000   , 'Không khóa tủ hàng kỹ'                    	, '2024-03-25' , 10 			),
						(83				, 65000   , 'Đi làm trễ'                               	, '2024-04-05' , 11 			),
                        (84             , 50000     , 'Đi làm trễ'            					, '2023-11-01'    , 1             ),
						(85             , 100000    , 'Làm mất hàng hóa'       					, '2023-11-10'    , 2             ),
						(86             , 75000     , 'Thái độ không tốt'      					, '2023-11-15'    , 3             ),
						(87             , 50000     , 'Đi làm trễ'            					, '2023-11-20'    , 4             ),
						(88             , 80000     , 'Làm mất dụng cụ'        					, '2023-11-25'    , 5             ),
						(89             , 100000    , 'Không tuân thủ quy định'					, '2023-12-01'    , 6             ),
						(90             , 50000     , 'Đi làm trễ'            					, '2023-12-05'    , 7             ),
						(91             , 150000    , 'Làm hư hàng hóa'        					, '2023-12-10'    , 8             ),
						(92             , 75000     , 'Không hỗ trợ khách'     					, '2023-12-15'    , 9             ),
						(93             , 50000     , 'Đi làm trễ'            					, '2023-12-20'    , 10            ),
						(94             , 120000    , 'Sai sót khi thanh toán' 					, '2023-12-25'    , 11            ),
						(95             , 100000    , 'Không hoàn thành công việc'				, '2023-12-30'    , 12            ),
						(96             , 50000     , 'Đi làm trễ'            					, '2024-01-05'    , 13            ),
						(97             , 80000     , 'Thất thoát hàng hóa'    					, '2024-01-10'    , 14            ),
						(98             , 100000    , 'Không giữ vệ sinh'      					, '2024-01-15'    , 15            ),
						(99             , 50000     , 'Đi làm trễ'            					, '2024-01-20'    , 1             ),
						(100            , 75000     , 'Không tuân thủ quy định'					, '2024-01-25'    , 2             ),
						(101            , 100000    , 'Làm mất hóa đơn'        					, '2024-02-01'    , 3             ),
						(102            , 50000     , 'Đi làm trễ'            					, '2024-02-05'    , 4             ),
						(103            , 80000     , 'Không hoàn thành công việc'				, '2024-02-10'    , 5             ),
						(104            , 100000    , 'Làm mất hàng hóa'       					, '2024-02-15'    , 6             ),
						(105            , 50000     , 'Đi làm trễ'            					, '2024-02-20'    , 7             ),
						(106            , 120000    , 'Sai sót khi thanh toán' 					, '2024-02-25'    , 8             ),
						(107            , 150000    , 'Làm hư hàng hóa'        					, '2024-03-01'    , 9             ),
						(108            , 75000     , 'Không hỗ trợ khách'     					, '2024-03-05'    , 10            ),
						(109            , 50000     , 'Đi làm trễ'            					, '2024-03-10'    , 11            ),
						(110            , 100000    , 'Không giữ vệ sinh'      					, '2024-03-15'    , 12            ),
						(111            , 80000     , 'Làm mất dụng cụ'        					, '2024-03-20'    , 13            ),
						(112            , 50000     , 'Đi làm trễ'            					, '2024-03-25'    , 14            ),
						(113            , 100000    , 'Không tuân thủ quy định'					, '2024-03-30'    , 15            ),
						(114            , 75000     , 'Bị khách hàng mắng vốn'					, '2024-04-01'    , 15            ),
						(115            , 50000     , 'Đi làm muộn'								, '2024-04-05'    , 1             ),
						(116            , 80000     , 'Làm vỡ sản phẩm'							, '2024-04-10'    , 2             ),
						(117            , 60000     , 'Quên kiểm tra hạn sử dụng'				, '2024-04-15'    , 3             ),
						(118            , 40000     , 'Đi làm muộn'								, '2024-04-20'    , 4             ),
						(119            , 75000     , 'Chậm trễ trong kiểm kho'					, '2024-04-25'    , 9             ),
						(120            , 100000    , 'Không tuân thủ nội quy'					, '2024-04-30'    , 11            ),
						(121            , 50000     , 'Bỏ quên dụng cụ vệ sinh'					, '2024-05-01'    , 12            ),
						(122            , 90000     , 'Thiếu trung thực trong báo cáo'			, '2024-05-05'    , 13            ),
						(123            , 60000     , 'Đi làm muộn'								, '2024-05-10'    , 14            ),
						(124            , 80000     , 'Không đeo thẻ nhân viên'					, '2024-05-15'    , 15            ),
						(125            , 45000     , 'Đi làm muộn'								, '2024-05-20'    , 1             ),
						(126            , 90000     , 'Làm rơi hàng dễ vỡ'            			, '2024-05-25'    , 8             ),
						(127            , 70000     , 'Đi làm trễ'                              , '2024-05-30'    , 2             ),
						(128            , 80000     , 'Làm mất sản phẩm giá trị cao'            , '2024-06-01'    , 3             ),
						(129            , 100000    , 'Không kiểm tra tồn kho định kỳ'          , '2024-06-05'    , 4             ),
						(130            , 50000     , 'Đi làm trễ'                              , '2024-06-10'    , 5             ),
                        (131            , 50000     , 'Đi làm muộn'								, '2024-06-15'    , 6             ),
						(132            , 100000    , 'Sai sót trong kiểm kê'					, '2024-06-20'    , 7             ),
						(133            , 75000     , 'Không hỗ trợ đồng nghiệp'				, '2024-06-25'    , 8             ),
						(134            , 80000     , 'Làm mất hóa đơn'							, '2024-07-01'    , 9             ),
						(135            , 60000     , 'Quên vệ sinh kho'						, '2024-07-05'    , 10            ),
						(136            , 45000     , 'Đi làm muộn'								, '2024-07-10'    , 11            ),
						(137            , 70000     , 'Làm hỏng sản phẩm'						, '2024-07-15'    , 12            ),
						(138            , 100000    , 'Không tuân thủ lịch làm việc'			, '2024-07-20'    , 13            ),
						(139            , 50000     , 'Đi làm muộn'								, '2024-07-25'    , 14            ),
						(140            , 120000    , 'Không cập nhật giá mới'					, '2024-08-01'    , 15            ),
						(141            , 75000     , 'Sai sót trong báo cáo'					, '2024-08-05'    , 1             ),
						(142            , 50000     , 'Đi làm muộn'								, '2024-08-10'    , 2             ),
						(143            , 90000     , 'Không hoàn thành nhiệm vụ'				, '2024-08-15'    , 3             ),
						(144            , 80000     , 'Làm mất hàng hóa'						, '2024-08-20'    , 4             ),
						(145            , 60000     , 'Đi làm muộn'								, '2024-08-25'    , 5             ),
						(146            , 100000    , 'Sai sót khi thanh toán'					, '2024-09-01'    , 6             ),
						(147            , 75000     , 'Không hỗ trợ khách'						, '2024-09-05'    , 7             ),
						(148            , 50000     , 'Đi làm muộn'								, '2024-09-10'    , 8             ),
						(149            , 45000     , 'Không giữ vệ sinh khu vực làm việc'		, '2024-09-15'    , 9             ),
						(150            , 120000    , 'Bỏ quên dụng cụ'							, '2024-09-20'    , 10            ),
						(151            , 80000     , 'Không tuân thủ quy trình bán hàng'		, '2024-09-25'    , 11            ),
						(152            , 50000     , 'Đi làm muộn'								, '2024-10-01'    , 12            ),
						(153            , 90000     , 'Sai lệch trong kiểm kê'					, '2024-10-05'    , 13            ),
						(154            , 75000     , 'Quên kiểm tra hàng tồn'					, '2024-10-10'    , 14            ),
						(155            , 50000     , 'Đi làm muộn'								, '2024-10-15'    , 15            ),
						(156            , 100000    , 'Làm mất hàng mẫu'						, '2024-10-20'    , 1             ),
						(157            , 45000     , 'Sai sót trong báo cáo'					, '2024-10-25'    , 2             ),
						(158            , 70000     , 'Không hỗ trợ đồng nghiệp'				, '2024-11-01'    , 3             ),
						(159            , 120000    , 'Làm rơi sản phẩm dễ vỡ'					, '2024-11-05'    , 4             ),
						(160            , 80000     , 'Đi làm muộn'								, '2024-11-10'    , 5             ),
						(161            , 50000     , 'Không hoàn thành nhiệm vụ'				, '2024-11-15'    , 6             ),
						(162            , 100000    , 'Sai sót trong thu ngân'					, '2024-11-20'    , 7             ),
						(163            , 75000     , 'Không tuân thủ lịch làm việc'			, '2024-11-25'    , 8             ),
						(164            , 90000     , 'Quên kiểm tra hạn sử dụng'				, '2024-12-01'    , 9             ),
						(165            , 60000     , 'Đi làm muộn'								, '2024-12-05'    , 10            ),
						(166            , 120000    , 'Không đeo thẻ nhân viên'					, '2024-12-10'    , 11            ),
						(167            , 80000     , 'Sai sót khi thanh toán'					, '2024-12-15'    , 12            ),
						(168            , 50000     , 'Đi làm muộn'								, '2024-12-20'    , 13            ),
						(169            , 100000    , 'Không giữ vệ sinh khu vực làm việc'		, '2024-12-25'    , 14            ),
						(170            , 70000     , 'Sai lệch trong kiểm kê'					, '2024-12-30'    , 15            ),
						(171            , 45000     , 'Đi làm muộn'								, '2024-01-05'    , 1             ),
						(172            , 100000    , 'Không kiểm tra hàng tồn'					, '2024-01-10'    , 2             ),
						(173            , 75000     , 'Làm rơi sản phẩm'						, '2024-01-15'    , 3             ),
						(174            , 90000     , 'Sai sót khi thanh toán'					, '2024-01-20'    , 4             ),
						(175            , 50000     , 'Đi làm muộn'								, '2024-01-25'    , 5             ),
						(176            , 120000    , 'Không hoàn thành nhiệm vụ'				, '2024-02-01'    , 6             ),
						(177            , 100000    , 'Quên kiểm tra hạn sử dụng'				, '2024-02-05'    , 7             ),
						(178            , 80000     , 'Không hỗ trợ đồng nghiệp'				, '2024-02-10'    , 8             ),
						(179            , 50000     , 'Đi làm muộn'								, '2024-02-15'    , 9             ),
						(180            , 70000     , 'Không giữ vệ sinh'						, '2024-02-20'    , 10            ),
                        (181            , 60000     , 'Đi làm muộn'								, '2024-02-25'    , 11            ),
						(182            , 120000    , 'Quên kiểm tra hàng tồn'					, '2024-03-01'    , 12            ),
						(183            , 80000     , 'Không hỗ trợ khách hàng'					, '2024-03-05'    , 13            ),
						(184            , 50000     , 'Đi làm muộn'								, '2024-03-10'    , 14            ),
						(185            , 100000    , 'Sai sót trong báo cáo'					, '2024-03-15'    , 15            ),
						(186            , 75000     , 'Không hoàn thành công việc'				, '2024-03-20'    , 1             ),
						(187            , 90000     , 'Không tuân thủ quy trình làm việc'		, '2024-03-25'    , 2             ),
						(188            , 80000     , 'Làm mất dụng cụ'							, '2024-04-01'    , 3             ),
						(189            , 60000     , 'Đi làm muộn'								, '2024-04-05'    , 4             ),
						(190            , 100000    , 'Sai sót trong thanh toán'				, '2024-04-10'    , 5             ),
						(191            , 50000     , 'Không giữ vệ sinh khu vực làm việc'		, '2024-04-15'    , 6             ),
						(192            , 75000     , 'Quên đóng cửa kho đúng giờ'				, '2024-04-20'    , 7             ),
						(193            , 90000     , 'Sai sót trong kiểm kê'					, '2024-04-25'    , 8             ),
						(194            , 80000     , 'Không hỗ trợ khách hàng'					, '2024-05-01'    , 9             ),
						(195            , 60000     , 'Đi làm muộn'								, '2024-05-05'    , 10            ),
						(196            , 100000    , 'Sai sót khi thu ngân'					, '2024-05-10'    , 11            ),
						(197            , 50000     , 'Không đeo thẻ nhân viên'					, '2024-05-15'    , 12            ),
						(198            , 75000     , 'Không giữ vệ sinh khu vực làm việc'		, '2024-05-20'    , 13            ),
						(199            , 90000     , 'Sai sót trong báo cáo doanh thu'			, '2024-05-25'    , 14            ),
						(200            , 80000     , 'Không hoàn thành công việc'				, '2024-06-01'    , 15            ),
						(201            , 60000     , 'Đi làm muộn'								, '2024-06-05'    , 1             ),
						(202            , 100000    , 'Không hỗ trợ khách hàng'					, '2024-06-10'    , 2             ),
						(203            , 75000     , 'Sai sót trong kiểm kê'					, '2024-06-15'    , 3             ),
						(204            , 90000     , 'Không giữ vệ sinh khu vực làm việc'		, '2024-06-20'    , 4             ),
						(205            , 80000     , 'Không hỗ trợ đồng nghiệp'				, '2024-06-25'    , 5             ),
						(206            , 60000     , 'Đi làm muộn'								, '2024-07-01'    , 6             ),
						(207            , 120000    , 'Làm mất sản phẩm giá trị cao'			, '2024-07-05'    , 7             ),
						(208            , 80000     , 'Không hoàn thành nhiệm vụ'				, '2024-07-10'    , 8             ),
						(209            , 50000     , 'Đi làm muộn'								, '2024-07-15'    , 9             ),
						(210            , 100000    , 'Sai sót khi thanh toán'					, '2024-07-20'    , 10            ),
						(211            , 75000     , 'Không hỗ trợ khách hàng'					, '2024-07-25'    , 11            ),
						(212            , 90000     , 'Sai lệch trong kiểm kê'					, '2024-08-01'    , 12            ),
						(213            , 80000     , 'Không tuân thủ lịch làm việc'			, '2024-08-05'    , 13            ),
						(214            , 60000     , 'Đi làm muộn'								, '2024-08-10'    , 14            ),
						(215            , 100000    , 'Sai sót trong báo cáo doanh thu'			, '2024-08-15'    , 15            ),
						(216            , 75000     , 'Không giữ vệ sinh khu vực làm việc'		, '2024-08-20'    , 1             ),
						(217            , 90000     , 'Không hỗ trợ khách hàng'					, '2024-08-25'    , 2             ),
						(218            , 80000     , 'Làm mất sản phẩm giá trị cao'			, '2024-09-01'    , 3             ),
						(219            , 60000     , 'Đi làm muộn'								, '2024-09-05'    , 4             ),
						(220            , 100000    , 'Sai sót trong thanh toán'				, '2024-09-10'    , 5             ),
                        (221            , 50000     , 'Đi làm muộn'                            	, '2024-09-15'    , 6             ),
						(222            , 75000     , 'Không báo cáo kịp thời'                 	, '2024-09-20'    , 7             ),
						(223            , 100000    , 'Thất lạc hóa đơn'                       	, '2024-09-25'    , 8             ),
						(224            , 80000     , 'Không hoàn thành nhiệm vụ được giao'    	, '2024-10-01'    , 9             ),
						(225            , 60000     , 'Sử dụng điện thoại trong giờ làm'        , '2024-10-05'    , 10            ),
						(226            , 120000    , 'Không tuân thủ quy định an toàn'        	, '2024-10-10'    , 11            ),
						(227            , 50000     , 'Đi làm muộn'                            	, '2024-10-15'    , 12            ),
						(228            , 90000     , 'Sai lệch trong kiểm kê kho'             	, '2024-10-20'    , 13            ),
						(229            , 80000     , 'Không hỗ trợ khách hàng kịp thời'        , '2024-10-25'    , 14            ),
						(230            , 60000     , 'Không giữ vệ sinh khu vực làm việc'     	, '2024-11-01'    , 15            ),
						(231            , 75000     , 'Chậm trễ trong xử lý hàng hỏng'         	, '2024-11-05'    , 1             ),
						(232            , 50000     , 'Đi làm muộn'                            	, '2024-11-10'    , 2             ),
						(233            , 100000    , 'Không kiểm tra sản phẩm cận date'       	, '2024-11-15'    , 3             ),
						(234            , 80000     , 'Không theo dõi hàng tồn kho'            	, '2024-11-20'    , 4             ),
						(235            , 60000     , 'Sai sót trong đóng gói hàng'            	, '2024-11-25'    , 5             ),
						(236            , 120000    , 'Không hoàn thành kế hoạch hàng tháng'   	, '2024-12-01'    , 6             ),
						(237            , 75000     , 'Quên kiểm tra an toàn sản phẩm'         	, '2024-12-05'    , 7             ),
						(238            , 90000     , 'Làm mất chìa khóa kho'                  	, '2024-12-10'    , 8             ),
						(239            , 80000     , 'Không hỗ trợ đồng nghiệp'               	, '2024-12-15'    , 9             ),
						(240            , 50000     , 'Đi làm muộn'                            	, '2024-12-20'    , 10            ),
						(241            , 100000    , 'Không báo cáo số liệu đúng hạn'         	, '2024-12-25'    , 11            ),
						(242            , 60000     , 'Làm mất dụng cụ làm việc'               	, '2024-01-05'    , 12            ),
						(243            , 75000     , 'Không tuân thủ lịch làm việc'           	, '2024-01-10'    , 13            ),
						(244            , 80000     , 'Sai sót trong giao hàng'                	, '2024-01-15'    , 14            ),
						(245            , 120000    , 'Không báo cáo hàng hỏng'                	, '2024-01-20'    , 15            ),
						(246            , 50000     , 'Đi làm muộn'                            	, '2024-01-25'    , 1             ),
						(247            , 90000     , 'Không xử lý nhanh hàng lỗi'             	, '2024-02-01'    , 2             ),
						(248            , 80000     , 'Không hỗ trợ khách hàng'                	, '2024-02-05'    , 3             ),
						(249            , 75000     , 'Không làm sạch khu vực làm việc'        	, '2024-02-10'    , 4             ),
						(250            , 100000    , 'Không kiểm tra đủ số lượng hàng nhập'    , '2024-02-15'    , 5             ),
						(251            , 120000    , 'Không tuân thủ nội quy'                 	, '2024-02-20'    , 6             ),
						(252            , 50000     , 'Đi làm muộn'                            	, '2024-02-25'    , 7             ),
						(253            , 90000     , 'Không hoàn thành mục tiêu doanh thu'    	, '2024-03-01'    , 8             ),
						(254            , 80000     , 'Làm mất hàng hóa giá trị cao'           	, '2024-03-05'    , 9             ),
						(255            , 75000     , 'Không hỗ trợ nhân viên mới'             	, '2024-03-10'    , 10            ),
						(256            , 100000    , 'Không kiểm tra kỹ hóa đơn'              	, '2024-03-15'    , 11            ),
						(257            , 60000     , 'Đi làm muộn'                            	, '2024-03-20'    , 12            ),
						(258            , 120000    , 'Làm mất phiếu nhập hàng'                	, '2024-03-25'    , 13            ),
						(259            , 80000     , 'Sai sót trong xử lý hàng trả'           	, '2024-04-01'    , 14            ),
						(260            , 90000     , 'Không đóng cửa kho đúng giờ'            	, '2024-04-05'    , 15            ),
						(261            , 75000     , 'Quên kiểm tra số lượng hàng tồn kho'    	, '2024-04-10'    , 1             ),
						(262            , 100000    , 'Không giữ vệ sinh khu vực làm việc'     	, '2024-04-15'    , 2             ),
						(263            , 60000     , 'Đi làm muộn'                            	, '2024-04-20'    , 3             ),
						(264            , 80000     , 'Không hỗ trợ đồng nghiệp'               	, '2024-04-25'    , 4             ),
						(265            , 90000     , 'Không hoàn thành nhiệm vụ được giao'    	, '2024-05-01'    , 5             ),
						(266            , 75000     , 'Sai sót trong báo cáo'                  	, '2024-05-05'    , 6             ),
						(267            , 50000     , 'Đi làm muộn'                            	, '2024-05-10'    , 7             );
